ISO-10303-21;
HEADER;
/* Generated by software containing ST-Developer
 * from STEP Tools, Inc. (www.steptools.com) 
 */
/* OPTION: using custom renumber hook */

FILE_DESCRIPTION(
/* description */ ('STEP AP242 Edition 2',
'CAx-IF Rec.Pracs.---Representation and Presentation of Product Manufa
cturing Information (PMI)---4.0---2014-10-13',
'CAx-IF Rec.Pracs.---3D Tessellated Geometry---0.4---2014-09-14','2;1',
'CAx-IF Rec.Pracs.---User Defined Attributes---1.5---2016-08-15'),
/* implementation_level */ '2;1');

FILE_NAME(
/* name */ 'Part Studio 1 - TMat5O',
/* time_stamp */ '2026-05-20T23:41:51Z',
/* author */ (''),
/* organization */ (''),
/* preprocessor_version */ 'ST-DEVELOPER v20',
/* originating_system */ 'ONSHAPE BY PTC INC, 1.215',
/* authorisation */ '  ');

FILE_SCHEMA (('AP242_MANAGED_MODEL_BASED_3D_ENGINEERING_MIM_LF { 1 0 10303 442 3 1 4 }'));
ENDSEC;

DATA;
#10=SHAPE_REPRESENTATION_RELATIONSHIP('','',#2077,#11);
#11=ADVANCED_BREP_SHAPE_REPRESENTATION('',(#2075),#3318);
#12=B_SPLINE_SURFACE_WITH_KNOTS('',3,1,((#3244,#3245),(#3246,#3247),(#3248,
#3249),(#3250,#3251),(#3252,#3253),(#3254,#3255),(#3256,#3257),(#3258,#3259),
(#3260,#3261),(#3262,#3263)),.SURF_OF_LINEAR_EXTRUSION.,.F.,.F.,.F.,(4,
1,1,1,1,1,1,4),(2,2),(0.00837285873687701,0.132326251394767,0.256279644052658,
0.380233036710548,0.504186429368438,0.628139822026329,0.752093214684219,
1.),(0.,1.),.UNSPECIFIED.);
#13=B_SPLINE_SURFACE_WITH_KNOTS('',3,1,((#3301,#3302),(#3303,#3304),(#3305,
#3306),(#3307,#3308),(#3309,#3310)),.SURF_OF_LINEAR_EXTRUSION.,.F.,.F.,
 .F.,(4,1,4),(2,2),(0.,0.360192922851619,1.),(0.,1.),.UNSPECIFIED.);
#14=B_SPLINE_CURVE_WITH_KNOTS('',3,(#2711,#2712,#2713,#2714,#2715),
 .UNSPECIFIED.,.F.,.F.,(4,1,4),(0.,0.360192922851619,1.),.UNSPECIFIED.);
#15=B_SPLINE_CURVE_WITH_KNOTS('',3,(#2718,#2719,#2720,#2721,#2722),
 .UNSPECIFIED.,.F.,.F.,(4,1,4),(0.00837285873687701,0.432861959026481,1.),
 .UNSPECIFIED.);
#16=B_SPLINE_CURVE_WITH_KNOTS('',3,(#3266,#3267,#3268,#3269,#3270),
 .UNSPECIFIED.,.F.,.F.,(4,1,4),(0.00837285873687701,0.432861959026481,1.),
 .UNSPECIFIED.);
#17=B_SPLINE_CURVE_WITH_KNOTS('',3,(#3311,#3312,#3313,#3314,#3315),
 .UNSPECIFIED.,.F.,.F.,(4,1,4),(0.,0.360192922851619,1.),.UNSPECIFIED.);
#18=PLANE('',#2084);
#19=PLANE('',#2085);
#20=PLANE('',#2086);
#21=PLANE('',#2087);
#22=PLANE('',#2088);
#23=PLANE('',#2089);
#24=PLANE('',#2090);
#25=PLANE('',#2091);
#26=PLANE('',#2092);
#27=PLANE('',#2093);
#28=PLANE('',#2094);
#29=PLANE('',#2095);
#30=PLANE('',#2096);
#31=PLANE('',#2100);
#32=PLANE('',#2101);
#33=PLANE('',#2102);
#34=PLANE('',#2103);
#35=PLANE('',#2104);
#36=PLANE('',#2105);
#37=PLANE('',#2106);
#38=PLANE('',#2107);
#39=PLANE('',#2108);
#40=PLANE('',#2109);
#41=PLANE('',#2110);
#42=PLANE('',#2111);
#43=PLANE('',#2112);
#44=PLANE('',#2113);
#45=PLANE('',#2114);
#46=PLANE('',#2115);
#47=PLANE('',#2116);
#48=PLANE('',#2117);
#49=PLANE('',#2118);
#50=PLANE('',#2119);
#51=PLANE('',#2120);
#52=PLANE('',#2121);
#53=PLANE('',#2122);
#54=PLANE('',#2123);
#55=PLANE('',#2124);
#56=PLANE('',#2125);
#57=PLANE('',#2126);
#58=PLANE('',#2127);
#59=PLANE('',#2128);
#60=PLANE('',#2129);
#61=PLANE('',#2130);
#62=PLANE('',#2131);
#63=PLANE('',#2132);
#64=PLANE('',#2133);
#65=PLANE('',#2134);
#66=PLANE('',#2135);
#67=PLANE('',#2136);
#68=PLANE('',#2137);
#69=PLANE('',#2138);
#70=PLANE('',#2139);
#71=PLANE('',#2140);
#72=PLANE('',#2141);
#73=PLANE('',#2142);
#74=PLANE('',#2143);
#75=PLANE('',#2144);
#76=PLANE('',#2145);
#77=PLANE('',#2146);
#78=PLANE('',#2147);
#79=PLANE('',#2148);
#80=PLANE('',#2149);
#81=PLANE('',#2150);
#82=PLANE('',#2151);
#83=PLANE('',#2152);
#84=PLANE('',#2153);
#85=PLANE('',#2154);
#86=PLANE('',#2155);
#87=PLANE('',#2156);
#88=PLANE('',#2157);
#89=PLANE('',#2158);
#90=PLANE('',#2159);
#91=PLANE('',#2160);
#92=PLANE('',#2161);
#93=PLANE('',#2162);
#94=PLANE('',#2163);
#95=PLANE('',#2164);
#96=PLANE('',#2165);
#97=PLANE('',#2166);
#98=PLANE('',#2167);
#99=PLANE('',#2168);
#100=PLANE('',#2169);
#101=PLANE('',#2170);
#102=PLANE('',#2171);
#103=PLANE('',#2172);
#104=PLANE('',#2173);
#105=PLANE('',#2174);
#106=PLANE('',#2175);
#107=PLANE('',#2176);
#108=PLANE('',#2177);
#109=PLANE('',#2178);
#110=PLANE('',#2179);
#111=PLANE('',#2180);
#112=PLANE('',#2181);
#113=PLANE('',#2182);
#114=PLANE('',#2183);
#115=PLANE('',#2184);
#116=PLANE('',#2185);
#117=PLANE('',#2186);
#118=PLANE('',#2187);
#119=PLANE('',#2188);
#120=PLANE('',#2189);
#121=PLANE('',#2190);
#122=PLANE('',#2191);
#123=PLANE('',#2192);
#124=CIRCLE('',#2081,0.002);
#125=CIRCLE('',#2083,0.002);
#126=CIRCLE('',#2098,0.00515);
#127=CIRCLE('',#2099,0.00515);
#128=LINE('',#2699,#399);
#129=LINE('',#2703,#400);
#130=LINE('',#2705,#401);
#131=LINE('',#2707,#402);
#132=LINE('',#2724,#403);
#133=LINE('',#2726,#404);
#134=LINE('',#2728,#405);
#135=LINE('',#2730,#406);
#136=LINE('',#2732,#407);
#137=LINE('',#2734,#408);
#138=LINE('',#2736,#409);
#139=LINE('',#2737,#410);
#140=LINE('',#2740,#411);
#141=LINE('',#2742,#412);
#142=LINE('',#2744,#413);
#143=LINE('',#2746,#414);
#144=LINE('',#2748,#415);
#145=LINE('',#2749,#416);
#146=LINE('',#2752,#417);
#147=LINE('',#2754,#418);
#148=LINE('',#2756,#419);
#149=LINE('',#2757,#420);
#150=LINE('',#2760,#421);
#151=LINE('',#2762,#422);
#152=LINE('',#2764,#423);
#153=LINE('',#2765,#424);
#154=LINE('',#2768,#425);
#155=LINE('',#2770,#426);
#156=LINE('',#2772,#427);
#157=LINE('',#2774,#428);
#158=LINE('',#2776,#429);
#159=LINE('',#2778,#430);
#160=LINE('',#2780,#431);
#161=LINE('',#2781,#432);
#162=LINE('',#2784,#433);
#163=LINE('',#2786,#434);
#164=LINE('',#2788,#435);
#165=LINE('',#2789,#436);
#166=LINE('',#2792,#437);
#167=LINE('',#2794,#438);
#168=LINE('',#2796,#439);
#169=LINE('',#2797,#440);
#170=LINE('',#2800,#441);
#171=LINE('',#2802,#442);
#172=LINE('',#2804,#443);
#173=LINE('',#2806,#444);
#174=LINE('',#2807,#445);
#175=LINE('',#2809,#446);
#176=LINE('',#2811,#447);
#177=LINE('',#2813,#448);
#178=LINE('',#2815,#449);
#179=LINE('',#2817,#450);
#180=LINE('',#2819,#451);
#181=LINE('',#2821,#452);
#182=LINE('',#2823,#453);
#183=LINE('',#2825,#454);
#184=LINE('',#2827,#455);
#185=LINE('',#2829,#456);
#186=LINE('',#2830,#457);
#187=LINE('',#2833,#458);
#188=LINE('',#2835,#459);
#189=LINE('',#2837,#460);
#190=LINE('',#2838,#461);
#191=LINE('',#2841,#462);
#192=LINE('',#2843,#463);
#193=LINE('',#2845,#464);
#194=LINE('',#2846,#465);
#195=LINE('',#2849,#466);
#196=LINE('',#2851,#467);
#197=LINE('',#2853,#468);
#198=LINE('',#2855,#469);
#199=LINE('',#2858,#470);
#200=LINE('',#2859,#471);
#201=LINE('',#2861,#472);
#202=LINE('',#2863,#473);
#203=LINE('',#2865,#474);
#204=LINE('',#2867,#475);
#205=LINE('',#2869,#476);
#206=LINE('',#2871,#477);
#207=LINE('',#2873,#478);
#208=LINE('',#2876,#479);
#209=LINE('',#2878,#480);
#210=LINE('',#2880,#481);
#211=LINE('',#2882,#482);
#212=LINE('',#2884,#483);
#213=LINE('',#2886,#484);
#214=LINE('',#2888,#485);
#215=LINE('',#2890,#486);
#216=LINE('',#2892,#487);
#217=LINE('',#2893,#488);
#218=LINE('',#2895,#489);
#219=LINE('',#2896,#490);
#220=LINE('',#2898,#491);
#221=LINE('',#2899,#492);
#222=LINE('',#2902,#493);
#223=LINE('',#2904,#494);
#224=LINE('',#2906,#495);
#225=LINE('',#2907,#496);
#226=LINE('',#2910,#497);
#227=LINE('',#2912,#498);
#228=LINE('',#2914,#499);
#229=LINE('',#2915,#500);
#230=LINE('',#2918,#501);
#231=LINE('',#2920,#502);
#232=LINE('',#2922,#503);
#233=LINE('',#2924,#504);
#234=LINE('',#2926,#505);
#235=LINE('',#2928,#506);
#236=LINE('',#2930,#507);
#237=LINE('',#2932,#508);
#238=LINE('',#2933,#509);
#239=LINE('',#2935,#510);
#240=LINE('',#2937,#511);
#241=LINE('',#2940,#512);
#242=LINE('',#2942,#513);
#243=LINE('',#2944,#514);
#244=LINE('',#2945,#515);
#245=LINE('',#2947,#516);
#246=LINE('',#2948,#517);
#247=LINE('',#2949,#518);
#248=LINE('',#2951,#519);
#249=LINE('',#2954,#520);
#250=LINE('',#2957,#521);
#251=LINE('',#2959,#522);
#252=LINE('',#2961,#523);
#253=LINE('',#2970,#524);
#254=LINE('',#2972,#525);
#255=LINE('',#2974,#526);
#256=LINE('',#2976,#527);
#257=LINE('',#2978,#528);
#258=LINE('',#2980,#529);
#259=LINE('',#2982,#530);
#260=LINE('',#2984,#531);
#261=LINE('',#2987,#532);
#262=LINE('',#2989,#533);
#263=LINE('',#2991,#534);
#264=LINE('',#2993,#535);
#265=LINE('',#2995,#536);
#266=LINE('',#2997,#537);
#267=LINE('',#2999,#538);
#268=LINE('',#3001,#539);
#269=LINE('',#3003,#540);
#270=LINE('',#3005,#541);
#271=LINE('',#3007,#542);
#272=LINE('',#3009,#543);
#273=LINE('',#3011,#544);
#274=LINE('',#3013,#545);
#275=LINE('',#3016,#546);
#276=LINE('',#3018,#547);
#277=LINE('',#3020,#548);
#278=LINE('',#3022,#549);
#279=LINE('',#3024,#550);
#280=LINE('',#3026,#551);
#281=LINE('',#3028,#552);
#282=LINE('',#3030,#553);
#283=LINE('',#3033,#554);
#284=LINE('',#3035,#555);
#285=LINE('',#3037,#556);
#286=LINE('',#3039,#557);
#287=LINE('',#3042,#558);
#288=LINE('',#3044,#559);
#289=LINE('',#3047,#560);
#290=LINE('',#3049,#561);
#291=LINE('',#3051,#562);
#292=LINE('',#3053,#563);
#293=LINE('',#3055,#564);
#294=LINE('',#3057,#565);
#295=LINE('',#3059,#566);
#296=LINE('',#3061,#567);
#297=LINE('',#3063,#568);
#298=LINE('',#3065,#569);
#299=LINE('',#3068,#570);
#300=LINE('',#3070,#571);
#301=LINE('',#3072,#572);
#302=LINE('',#3074,#573);
#303=LINE('',#3076,#574);
#304=LINE('',#3078,#575);
#305=LINE('',#3080,#576);
#306=LINE('',#3082,#577);
#307=LINE('',#3085,#578);
#308=LINE('',#3087,#579);
#309=LINE('',#3089,#580);
#310=LINE('',#3091,#581);
#311=LINE('',#3093,#582);
#312=LINE('',#3095,#583);
#313=LINE('',#3097,#584);
#314=LINE('',#3099,#585);
#315=LINE('',#3102,#586);
#316=LINE('',#3104,#587);
#317=LINE('',#3106,#588);
#318=LINE('',#3108,#589);
#319=LINE('',#3110,#590);
#320=LINE('',#3112,#591);
#321=LINE('',#3114,#592);
#322=LINE('',#3116,#593);
#323=LINE('',#3119,#594);
#324=LINE('',#3121,#595);
#325=LINE('',#3123,#596);
#326=LINE('',#3125,#597);
#327=LINE('',#3127,#598);
#328=LINE('',#3129,#599);
#329=LINE('',#3131,#600);
#330=LINE('',#3133,#601);
#331=LINE('',#3136,#602);
#332=LINE('',#3138,#603);
#333=LINE('',#3140,#604);
#334=LINE('',#3142,#605);
#335=LINE('',#3144,#606);
#336=LINE('',#3146,#607);
#337=LINE('',#3148,#608);
#338=LINE('',#3150,#609);
#339=LINE('',#3153,#610);
#340=LINE('',#3155,#611);
#341=LINE('',#3157,#612);
#342=LINE('',#3159,#613);
#343=LINE('',#3161,#614);
#344=LINE('',#3163,#615);
#345=LINE('',#3165,#616);
#346=LINE('',#3167,#617);
#347=LINE('',#3169,#618);
#348=LINE('',#3171,#619);
#349=LINE('',#3173,#620);
#350=LINE('',#3175,#621);
#351=LINE('',#3177,#622);
#352=LINE('',#3179,#623);
#353=LINE('',#3181,#624);
#354=LINE('',#3183,#625);
#355=LINE('',#3186,#626);
#356=LINE('',#3188,#627);
#357=LINE('',#3190,#628);
#358=LINE('',#3192,#629);
#359=LINE('',#3194,#630);
#360=LINE('',#3196,#631);
#361=LINE('',#3198,#632);
#362=LINE('',#3200,#633);
#363=LINE('',#3203,#634);
#364=LINE('',#3205,#635);
#365=LINE('',#3207,#636);
#366=LINE('',#3209,#637);
#367=LINE('',#3211,#638);
#368=LINE('',#3213,#639);
#369=LINE('',#3215,#640);
#370=LINE('',#3217,#641);
#371=LINE('',#3220,#642);
#372=LINE('',#3222,#643);
#373=LINE('',#3224,#644);
#374=LINE('',#3226,#645);
#375=LINE('',#3228,#646);
#376=LINE('',#3230,#647);
#377=LINE('',#3232,#648);
#378=LINE('',#3234,#649);
#379=LINE('',#3236,#650);
#380=LINE('',#3238,#651);
#381=LINE('',#3240,#652);
#382=LINE('',#3242,#653);
#383=LINE('',#3264,#654);
#384=LINE('',#3272,#655);
#385=LINE('',#3274,#656);
#386=LINE('',#3276,#657);
#387=LINE('',#3278,#658);
#388=LINE('',#3280,#659);
#389=LINE('',#3282,#660);
#390=LINE('',#3284,#661);
#391=LINE('',#3286,#662);
#392=LINE('',#3288,#663);
#393=LINE('',#3290,#664);
#394=LINE('',#3292,#665);
#395=LINE('',#3294,#666);
#396=LINE('',#3296,#667);
#397=LINE('',#3298,#668);
#398=LINE('',#3300,#669);
#399=VECTOR('',#2199,1.);
#400=VECTOR('',#2202,1.);
#401=VECTOR('',#2205,1.);
#402=VECTOR('',#2206,1.);
#403=VECTOR('',#2211,1.);
#404=VECTOR('',#2212,1.);
#405=VECTOR('',#2213,1.);
#406=VECTOR('',#2214,1.);
#407=VECTOR('',#2215,1.);
#408=VECTOR('',#2216,1.);
#409=VECTOR('',#2217,1.);
#410=VECTOR('',#2218,1.);
#411=VECTOR('',#2219,1.);
#412=VECTOR('',#2220,1.);
#413=VECTOR('',#2221,1.);
#414=VECTOR('',#2222,1.);
#415=VECTOR('',#2223,1.);
#416=VECTOR('',#2224,1.);
#417=VECTOR('',#2225,1.);
#418=VECTOR('',#2226,1.);
#419=VECTOR('',#2227,1.);
#420=VECTOR('',#2228,1.);
#421=VECTOR('',#2229,1.);
#422=VECTOR('',#2230,1.);
#423=VECTOR('',#2231,1.);
#424=VECTOR('',#2232,1.);
#425=VECTOR('',#2233,1.);
#426=VECTOR('',#2234,1.);
#427=VECTOR('',#2235,1.);
#428=VECTOR('',#2236,1.);
#429=VECTOR('',#2237,1.);
#430=VECTOR('',#2238,1.);
#431=VECTOR('',#2239,1.);
#432=VECTOR('',#2240,1.);
#433=VECTOR('',#2241,1.);
#434=VECTOR('',#2242,1.);
#435=VECTOR('',#2243,1.);
#436=VECTOR('',#2244,1.);
#437=VECTOR('',#2245,1.);
#438=VECTOR('',#2246,1.);
#439=VECTOR('',#2247,1.);
#440=VECTOR('',#2248,1.);
#441=VECTOR('',#2249,1.);
#442=VECTOR('',#2250,1.);
#443=VECTOR('',#2251,1.);
#444=VECTOR('',#2252,1.);
#445=VECTOR('',#2253,1.);
#446=VECTOR('',#2254,1.);
#447=VECTOR('',#2255,1.);
#448=VECTOR('',#2256,1.);
#449=VECTOR('',#2257,1.);
#450=VECTOR('',#2258,1.);
#451=VECTOR('',#2259,1.);
#452=VECTOR('',#2260,1.);
#453=VECTOR('',#2261,1.);
#454=VECTOR('',#2262,1.);
#455=VECTOR('',#2263,1.);
#456=VECTOR('',#2264,1.);
#457=VECTOR('',#2265,1.);
#458=VECTOR('',#2266,1.);
#459=VECTOR('',#2267,1.);
#460=VECTOR('',#2268,1.);
#461=VECTOR('',#2269,1.);
#462=VECTOR('',#2270,1.);
#463=VECTOR('',#2271,1.);
#464=VECTOR('',#2272,1.);
#465=VECTOR('',#2273,1.);
#466=VECTOR('',#2274,1.);
#467=VECTOR('',#2275,1.);
#468=VECTOR('',#2276,1.);
#469=VECTOR('',#2279,1.);
#470=VECTOR('',#2280,1.);
#471=VECTOR('',#2281,1.);
#472=VECTOR('',#2282,1.);
#473=VECTOR('',#2283,1.);
#474=VECTOR('',#2286,1.);
#475=VECTOR('',#2287,1.);
#476=VECTOR('',#2288,1.);
#477=VECTOR('',#2289,1.);
#478=VECTOR('',#2292,1.);
#479=VECTOR('',#2293,1.);
#480=VECTOR('',#2294,1.);
#481=VECTOR('',#2295,1.);
#482=VECTOR('',#2296,1.);
#483=VECTOR('',#2297,1.);
#484=VECTOR('',#2298,1.);
#485=VECTOR('',#2299,1.);
#486=VECTOR('',#2300,1.);
#487=VECTOR('',#2301,1.);
#488=VECTOR('',#2302,1.);
#489=VECTOR('',#2303,1.);
#490=VECTOR('',#2304,1.);
#491=VECTOR('',#2305,1.);
#492=VECTOR('',#2306,1.);
#493=VECTOR('',#2307,1.);
#494=VECTOR('',#2308,1.);
#495=VECTOR('',#2309,1.);
#496=VECTOR('',#2310,1.);
#497=VECTOR('',#2311,1.);
#498=VECTOR('',#2312,1.);
#499=VECTOR('',#2313,1.);
#500=VECTOR('',#2314,1.);
#501=VECTOR('',#2315,1.);
#502=VECTOR('',#2316,1.);
#503=VECTOR('',#2317,1.);
#504=VECTOR('',#2318,1.);
#505=VECTOR('',#2319,1.);
#506=VECTOR('',#2320,1.);
#507=VECTOR('',#2323,1.);
#508=VECTOR('',#2324,1.);
#509=VECTOR('',#2325,1.);
#510=VECTOR('',#2326,1.);
#511=VECTOR('',#2329,1.);
#512=VECTOR('',#2330,1.);
#513=VECTOR('',#2331,1.);
#514=VECTOR('',#2332,1.);
#515=VECTOR('',#2333,1.);
#516=VECTOR('',#2336,1.);
#517=VECTOR('',#2337,1.);
#518=VECTOR('',#2338,1.);
#519=VECTOR('',#2341,1.);
#520=VECTOR('',#2346,1.);
#521=VECTOR('',#2351,1.);
#522=VECTOR('',#2352,1.);
#523=VECTOR('',#2355,1.);
#524=VECTOR('',#2368,1.);
#525=VECTOR('',#2369,1.);
#526=VECTOR('',#2370,1.);
#527=VECTOR('',#2373,1.);
#528=VECTOR('',#2374,1.);
#529=VECTOR('',#2377,1.);
#530=VECTOR('',#2378,1.);
#531=VECTOR('',#2381,1.);
#532=VECTOR('',#2386,1.);
#533=VECTOR('',#2387,1.);
#534=VECTOR('',#2388,1.);
#535=VECTOR('',#2391,1.);
#536=VECTOR('',#2392,1.);
#537=VECTOR('',#2395,1.);
#538=VECTOR('',#2396,1.);
#539=VECTOR('',#2399,1.);
#540=VECTOR('',#2400,1.);
#541=VECTOR('',#2403,1.);
#542=VECTOR('',#2404,1.);
#543=VECTOR('',#2407,1.);
#544=VECTOR('',#2408,1.);
#545=VECTOR('',#2411,1.);
#546=VECTOR('',#2416,1.);
#547=VECTOR('',#2417,1.);
#548=VECTOR('',#2418,1.);
#549=VECTOR('',#2421,1.);
#550=VECTOR('',#2422,1.);
#551=VECTOR('',#2425,1.);
#552=VECTOR('',#2426,1.);
#553=VECTOR('',#2429,1.);
#554=VECTOR('',#2434,1.);
#555=VECTOR('',#2437,1.);
#556=VECTOR('',#2440,1.);
#557=VECTOR('',#2443,1.);
#558=VECTOR('',#2448,1.);
#559=VECTOR('',#2451,1.);
#560=VECTOR('',#2456,1.);
#561=VECTOR('',#2457,1.);
#562=VECTOR('',#2458,1.);
#563=VECTOR('',#2461,1.);
#564=VECTOR('',#2462,1.);
#565=VECTOR('',#2465,1.);
#566=VECTOR('',#2466,1.);
#567=VECTOR('',#2469,1.);
#568=VECTOR('',#2470,1.);
#569=VECTOR('',#2473,1.);
#570=VECTOR('',#2478,1.);
#571=VECTOR('',#2479,1.);
#572=VECTOR('',#2480,1.);
#573=VECTOR('',#2483,1.);
#574=VECTOR('',#2484,1.);
#575=VECTOR('',#2487,1.);
#576=VECTOR('',#2488,1.);
#577=VECTOR('',#2491,1.);
#578=VECTOR('',#2496,1.);
#579=VECTOR('',#2497,1.);
#580=VECTOR('',#2498,1.);
#581=VECTOR('',#2501,1.);
#582=VECTOR('',#2502,1.);
#583=VECTOR('',#2505,1.);
#584=VECTOR('',#2506,1.);
#585=VECTOR('',#2509,1.);
#586=VECTOR('',#2514,1.);
#587=VECTOR('',#2515,1.);
#588=VECTOR('',#2516,1.);
#589=VECTOR('',#2519,1.);
#590=VECTOR('',#2520,1.);
#591=VECTOR('',#2523,1.);
#592=VECTOR('',#2524,1.);
#593=VECTOR('',#2527,1.);
#594=VECTOR('',#2532,1.);
#595=VECTOR('',#2533,1.);
#596=VECTOR('',#2534,1.);
#597=VECTOR('',#2537,1.);
#598=VECTOR('',#2538,1.);
#599=VECTOR('',#2541,1.);
#600=VECTOR('',#2542,1.);
#601=VECTOR('',#2545,1.);
#602=VECTOR('',#2550,1.);
#603=VECTOR('',#2551,1.);
#604=VECTOR('',#2552,1.);
#605=VECTOR('',#2555,1.);
#606=VECTOR('',#2556,1.);
#607=VECTOR('',#2559,1.);
#608=VECTOR('',#2560,1.);
#609=VECTOR('',#2563,1.);
#610=VECTOR('',#2568,1.);
#611=VECTOR('',#2569,1.);
#612=VECTOR('',#2570,1.);
#613=VECTOR('',#2573,1.);
#614=VECTOR('',#2574,1.);
#615=VECTOR('',#2577,1.);
#616=VECTOR('',#2578,1.);
#617=VECTOR('',#2581,1.);
#618=VECTOR('',#2582,1.);
#619=VECTOR('',#2585,1.);
#620=VECTOR('',#2586,1.);
#621=VECTOR('',#2589,1.);
#622=VECTOR('',#2590,1.);
#623=VECTOR('',#2593,1.);
#624=VECTOR('',#2594,1.);
#625=VECTOR('',#2597,1.);
#626=VECTOR('',#2602,1.);
#627=VECTOR('',#2603,1.);
#628=VECTOR('',#2604,1.);
#629=VECTOR('',#2607,1.);
#630=VECTOR('',#2608,1.);
#631=VECTOR('',#2611,1.);
#632=VECTOR('',#2612,1.);
#633=VECTOR('',#2615,1.);
#634=VECTOR('',#2620,1.);
#635=VECTOR('',#2621,1.);
#636=VECTOR('',#2622,1.);
#637=VECTOR('',#2625,1.);
#638=VECTOR('',#2626,1.);
#639=VECTOR('',#2629,1.);
#640=VECTOR('',#2630,1.);
#641=VECTOR('',#2633,1.);
#642=VECTOR('',#2638,1.);
#643=VECTOR('',#2639,1.);
#644=VECTOR('',#2640,1.);
#645=VECTOR('',#2643,1.);
#646=VECTOR('',#2644,1.);
#647=VECTOR('',#2647,1.);
#648=VECTOR('',#2648,1.);
#649=VECTOR('',#2651,1.);
#650=VECTOR('',#2652,1.);
#651=VECTOR('',#2655,1.);
#652=VECTOR('',#2656,1.);
#653=VECTOR('',#2659,1.);
#654=VECTOR('',#2662,1.);
#655=VECTOR('',#2663,1.);
#656=VECTOR('',#2666,1.);
#657=VECTOR('',#2667,1.);
#658=VECTOR('',#2670,1.);
#659=VECTOR('',#2671,1.);
#660=VECTOR('',#2674,1.);
#661=VECTOR('',#2675,1.);
#662=VECTOR('',#2678,1.);
#663=VECTOR('',#2679,1.);
#664=VECTOR('',#2682,1.);
#665=VECTOR('',#2683,1.);
#666=VECTOR('',#2686,1.);
#667=VECTOR('',#2687,1.);
#668=VECTOR('',#2690,1.);
#669=VECTOR('',#2691,1.);
#670=ORIENTED_EDGE('',*,*,#1230,.F.);
#671=ORIENTED_EDGE('',*,*,#1231,.F.);
#672=ORIENTED_EDGE('',*,*,#1232,.F.);
#673=ORIENTED_EDGE('',*,*,#1233,.F.);
#674=ORIENTED_EDGE('',*,*,#1234,.F.);
#675=ORIENTED_EDGE('',*,*,#1230,.T.);
#676=ORIENTED_EDGE('',*,*,#1235,.F.);
#677=ORIENTED_EDGE('',*,*,#1236,.F.);
#678=ORIENTED_EDGE('',*,*,#1237,.T.);
#679=ORIENTED_EDGE('',*,*,#1238,.F.);
#680=ORIENTED_EDGE('',*,*,#1239,.F.);
#681=ORIENTED_EDGE('',*,*,#1240,.F.);
#682=ORIENTED_EDGE('',*,*,#1241,.F.);
#683=ORIENTED_EDGE('',*,*,#1242,.T.);
#684=ORIENTED_EDGE('',*,*,#1243,.T.);
#685=ORIENTED_EDGE('',*,*,#1244,.T.);
#686=ORIENTED_EDGE('',*,*,#1245,.T.);
#687=ORIENTED_EDGE('',*,*,#1246,.F.);
#688=ORIENTED_EDGE('',*,*,#1247,.F.);
#689=ORIENTED_EDGE('',*,*,#1248,.T.);
#690=ORIENTED_EDGE('',*,*,#1249,.T.);
#691=ORIENTED_EDGE('',*,*,#1250,.F.);
#692=ORIENTED_EDGE('',*,*,#1251,.F.);
#693=ORIENTED_EDGE('',*,*,#1252,.F.);
#694=ORIENTED_EDGE('',*,*,#1253,.F.);
#695=ORIENTED_EDGE('',*,*,#1254,.F.);
#696=ORIENTED_EDGE('',*,*,#1255,.F.);
#697=ORIENTED_EDGE('',*,*,#1256,.F.);
#698=ORIENTED_EDGE('',*,*,#1257,.F.);
#699=ORIENTED_EDGE('',*,*,#1258,.F.);
#700=ORIENTED_EDGE('',*,*,#1259,.F.);
#701=ORIENTED_EDGE('',*,*,#1260,.F.);
#702=ORIENTED_EDGE('',*,*,#1261,.F.);
#703=ORIENTED_EDGE('',*,*,#1262,.T.);
#704=ORIENTED_EDGE('',*,*,#1263,.T.);
#705=ORIENTED_EDGE('',*,*,#1264,.T.);
#706=ORIENTED_EDGE('',*,*,#1265,.F.);
#707=ORIENTED_EDGE('',*,*,#1266,.F.);
#708=ORIENTED_EDGE('',*,*,#1267,.F.);
#709=ORIENTED_EDGE('',*,*,#1268,.F.);
#710=ORIENTED_EDGE('',*,*,#1269,.F.);
#711=ORIENTED_EDGE('',*,*,#1270,.F.);
#712=ORIENTED_EDGE('',*,*,#1271,.F.);
#713=ORIENTED_EDGE('',*,*,#1272,.T.);
#714=ORIENTED_EDGE('',*,*,#1273,.T.);
#715=ORIENTED_EDGE('',*,*,#1274,.T.);
#716=ORIENTED_EDGE('',*,*,#1275,.T.);
#717=ORIENTED_EDGE('',*,*,#1276,.F.);
#718=ORIENTED_EDGE('',*,*,#1277,.F.);
#719=ORIENTED_EDGE('',*,*,#1278,.F.);
#720=ORIENTED_EDGE('',*,*,#1279,.F.);
#721=ORIENTED_EDGE('',*,*,#1280,.F.);
#722=ORIENTED_EDGE('',*,*,#1281,.T.);
#723=ORIENTED_EDGE('',*,*,#1231,.T.);
#724=ORIENTED_EDGE('',*,*,#1234,.T.);
#725=ORIENTED_EDGE('',*,*,#1282,.F.);
#726=ORIENTED_EDGE('',*,*,#1283,.F.);
#727=ORIENTED_EDGE('',*,*,#1284,.F.);
#728=ORIENTED_EDGE('',*,*,#1285,.T.);
#729=ORIENTED_EDGE('',*,*,#1286,.F.);
#730=ORIENTED_EDGE('',*,*,#1287,.T.);
#731=ORIENTED_EDGE('',*,*,#1288,.T.);
#732=ORIENTED_EDGE('',*,*,#1289,.T.);
#733=ORIENTED_EDGE('',*,*,#1290,.T.);
#734=ORIENTED_EDGE('',*,*,#1291,.F.);
#735=ORIENTED_EDGE('',*,*,#1292,.F.);
#736=ORIENTED_EDGE('',*,*,#1293,.F.);
#737=ORIENTED_EDGE('',*,*,#1294,.F.);
#738=ORIENTED_EDGE('',*,*,#1295,.F.);
#739=ORIENTED_EDGE('',*,*,#1296,.F.);
#740=ORIENTED_EDGE('',*,*,#1297,.F.);
#741=ORIENTED_EDGE('',*,*,#1298,.F.);
#742=ORIENTED_EDGE('',*,*,#1299,.F.);
#743=ORIENTED_EDGE('',*,*,#1300,.F.);
#744=ORIENTED_EDGE('',*,*,#1301,.T.);
#745=ORIENTED_EDGE('',*,*,#1302,.T.);
#746=ORIENTED_EDGE('',*,*,#1303,.T.);
#747=ORIENTED_EDGE('',*,*,#1304,.T.);
#748=ORIENTED_EDGE('',*,*,#1305,.T.);
#749=ORIENTED_EDGE('',*,*,#1306,.T.);
#750=ORIENTED_EDGE('',*,*,#1287,.F.);
#751=ORIENTED_EDGE('',*,*,#1307,.F.);
#752=ORIENTED_EDGE('',*,*,#1308,.T.);
#753=ORIENTED_EDGE('',*,*,#1309,.T.);
#754=ORIENTED_EDGE('',*,*,#1310,.F.);
#755=ORIENTED_EDGE('',*,*,#1311,.F.);
#756=ORIENTED_EDGE('',*,*,#1312,.F.);
#757=ORIENTED_EDGE('',*,*,#1313,.F.);
#758=ORIENTED_EDGE('',*,*,#1307,.T.);
#759=ORIENTED_EDGE('',*,*,#1286,.T.);
#760=ORIENTED_EDGE('',*,*,#1314,.F.);
#761=ORIENTED_EDGE('',*,*,#1315,.T.);
#762=ORIENTED_EDGE('',*,*,#1316,.F.);
#763=ORIENTED_EDGE('',*,*,#1317,.F.);
#764=ORIENTED_EDGE('',*,*,#1318,.F.);
#765=ORIENTED_EDGE('',*,*,#1319,.F.);
#766=ORIENTED_EDGE('',*,*,#1320,.F.);
#767=ORIENTED_EDGE('',*,*,#1321,.T.);
#768=ORIENTED_EDGE('',*,*,#1322,.T.);
#769=ORIENTED_EDGE('',*,*,#1323,.T.);
#770=ORIENTED_EDGE('',*,*,#1305,.F.);
#771=ORIENTED_EDGE('',*,*,#1324,.T.);
#772=ORIENTED_EDGE('',*,*,#1325,.F.);
#773=ORIENTED_EDGE('',*,*,#1311,.T.);
#774=ORIENTED_EDGE('',*,*,#1326,.T.);
#775=ORIENTED_EDGE('',*,*,#1327,.F.);
#776=ORIENTED_EDGE('',*,*,#1328,.T.);
#777=ORIENTED_EDGE('',*,*,#1329,.T.);
#778=ORIENTED_EDGE('',*,*,#1330,.F.);
#779=ORIENTED_EDGE('',*,*,#1331,.F.);
#780=ORIENTED_EDGE('',*,*,#1332,.T.);
#781=ORIENTED_EDGE('',*,*,#1333,.T.);
#782=ORIENTED_EDGE('',*,*,#1334,.F.);
#783=ORIENTED_EDGE('',*,*,#1335,.F.);
#784=ORIENTED_EDGE('',*,*,#1336,.T.);
#785=ORIENTED_EDGE('',*,*,#1337,.F.);
#786=ORIENTED_EDGE('',*,*,#1338,.T.);
#787=ORIENTED_EDGE('',*,*,#1339,.T.);
#788=ORIENTED_EDGE('',*,*,#1340,.T.);
#789=ORIENTED_EDGE('',*,*,#1341,.T.);
#790=ORIENTED_EDGE('',*,*,#1342,.T.);
#791=ORIENTED_EDGE('',*,*,#1343,.T.);
#792=ORIENTED_EDGE('',*,*,#1232,.T.);
#793=ORIENTED_EDGE('',*,*,#1281,.F.);
#794=ORIENTED_EDGE('',*,*,#1344,.F.);
#795=ORIENTED_EDGE('',*,*,#1318,.T.);
#796=ORIENTED_EDGE('',*,*,#1345,.T.);
#797=ORIENTED_EDGE('',*,*,#1346,.T.);
#798=ORIENTED_EDGE('',*,*,#1347,.T.);
#799=ORIENTED_EDGE('',*,*,#1348,.T.);
#800=ORIENTED_EDGE('',*,*,#1349,.F.);
#801=ORIENTED_EDGE('',*,*,#1350,.F.);
#802=ORIENTED_EDGE('',*,*,#1346,.F.);
#803=ORIENTED_EDGE('',*,*,#1351,.T.);
#804=ORIENTED_EDGE('',*,*,#1282,.T.);
#805=ORIENTED_EDGE('',*,*,#1236,.T.);
#806=ORIENTED_EDGE('',*,*,#1352,.F.);
#807=ORIENTED_EDGE('',*,*,#1348,.F.);
#808=ORIENTED_EDGE('',*,*,#1353,.T.);
#809=ORIENTED_EDGE('',*,*,#1315,.F.);
#810=ORIENTED_EDGE('',*,*,#1354,.T.);
#811=ORIENTED_EDGE('',*,*,#1352,.T.);
#812=ORIENTED_EDGE('',*,*,#1235,.T.);
#813=ORIENTED_EDGE('',*,*,#1355,.F.);
#814=ORIENTED_EDGE('',*,*,#1349,.T.);
#815=ORIENTED_EDGE('',*,*,#1355,.T.);
#816=ORIENTED_EDGE('',*,*,#1233,.T.);
#817=ORIENTED_EDGE('',*,*,#1343,.F.);
#818=ORIENTED_EDGE('',*,*,#1350,.T.);
#819=ORIENTED_EDGE('',*,*,#1316,.T.);
#820=ORIENTED_EDGE('',*,*,#1353,.F.);
#821=ORIENTED_EDGE('',*,*,#1347,.F.);
#822=ORIENTED_EDGE('',*,*,#1356,.T.);
#823=ORIENTED_EDGE('',*,*,#1317,.T.);
#824=ORIENTED_EDGE('',*,*,#1356,.F.);
#825=ORIENTED_EDGE('',*,*,#1351,.F.);
#826=ORIENTED_EDGE('',*,*,#1345,.F.);
#827=ORIENTED_EDGE('',*,*,#1325,.T.);
#828=ORIENTED_EDGE('',*,*,#1357,.F.);
#829=ORIENTED_EDGE('',*,*,#1358,.F.);
#830=ORIENTED_EDGE('',*,*,#1312,.T.);
#831=ORIENTED_EDGE('',*,*,#1324,.F.);
#832=ORIENTED_EDGE('',*,*,#1309,.F.);
#833=ORIENTED_EDGE('',*,*,#1359,.T.);
#834=ORIENTED_EDGE('',*,*,#1357,.T.);
#835=ORIENTED_EDGE('',*,*,#1360,.T.);
#836=ORIENTED_EDGE('',*,*,#1361,.T.);
#837=ORIENTED_EDGE('',*,*,#1360,.F.);
#838=ORIENTED_EDGE('',*,*,#1313,.T.);
#839=ORIENTED_EDGE('',*,*,#1358,.T.);
#840=ORIENTED_EDGE('',*,*,#1359,.F.);
#841=ORIENTED_EDGE('',*,*,#1308,.F.);
#842=ORIENTED_EDGE('',*,*,#1361,.F.);
#843=ORIENTED_EDGE('',*,*,#1332,.F.);
#844=ORIENTED_EDGE('',*,*,#1362,.F.);
#845=ORIENTED_EDGE('',*,*,#1363,.T.);
#846=ORIENTED_EDGE('',*,*,#1364,.T.);
#847=ORIENTED_EDGE('',*,*,#1335,.T.);
#848=ORIENTED_EDGE('',*,*,#1365,.F.);
#849=ORIENTED_EDGE('',*,*,#1366,.F.);
#850=ORIENTED_EDGE('',*,*,#1362,.T.);
#851=ORIENTED_EDGE('',*,*,#1334,.T.);
#852=ORIENTED_EDGE('',*,*,#1367,.F.);
#853=ORIENTED_EDGE('',*,*,#1368,.F.);
#854=ORIENTED_EDGE('',*,*,#1365,.T.);
#855=ORIENTED_EDGE('',*,*,#1333,.F.);
#856=ORIENTED_EDGE('',*,*,#1364,.F.);
#857=ORIENTED_EDGE('',*,*,#1369,.T.);
#858=ORIENTED_EDGE('',*,*,#1367,.T.);
#859=ORIENTED_EDGE('',*,*,#1363,.F.);
#860=ORIENTED_EDGE('',*,*,#1366,.T.);
#861=ORIENTED_EDGE('',*,*,#1368,.T.);
#862=ORIENTED_EDGE('',*,*,#1369,.F.);
#863=ORIENTED_EDGE('',*,*,#1337,.T.);
#864=ORIENTED_EDGE('',*,*,#1370,.F.);
#865=ORIENTED_EDGE('',*,*,#1371,.F.);
#866=ORIENTED_EDGE('',*,*,#1372,.T.);
#867=ORIENTED_EDGE('',*,*,#1336,.F.);
#868=ORIENTED_EDGE('',*,*,#1373,.F.);
#869=ORIENTED_EDGE('',*,*,#1374,.T.);
#870=ORIENTED_EDGE('',*,*,#1370,.T.);
#871=ORIENTED_EDGE('',*,*,#1342,.F.);
#872=ORIENTED_EDGE('',*,*,#1375,.F.);
#873=ORIENTED_EDGE('',*,*,#1376,.T.);
#874=ORIENTED_EDGE('',*,*,#1373,.T.);
#875=ORIENTED_EDGE('',*,*,#1341,.F.);
#876=ORIENTED_EDGE('',*,*,#1377,.F.);
#877=ORIENTED_EDGE('',*,*,#1378,.T.);
#878=ORIENTED_EDGE('',*,*,#1375,.T.);
#879=ORIENTED_EDGE('',*,*,#1340,.F.);
#880=ORIENTED_EDGE('',*,*,#1379,.F.);
#881=ORIENTED_EDGE('',*,*,#1380,.T.);
#882=ORIENTED_EDGE('',*,*,#1377,.T.);
#883=ORIENTED_EDGE('',*,*,#1339,.F.);
#884=ORIENTED_EDGE('',*,*,#1381,.F.);
#885=ORIENTED_EDGE('',*,*,#1382,.T.);
#886=ORIENTED_EDGE('',*,*,#1379,.T.);
#887=ORIENTED_EDGE('',*,*,#1338,.F.);
#888=ORIENTED_EDGE('',*,*,#1372,.F.);
#889=ORIENTED_EDGE('',*,*,#1383,.T.);
#890=ORIENTED_EDGE('',*,*,#1381,.T.);
#891=ORIENTED_EDGE('',*,*,#1371,.T.);
#892=ORIENTED_EDGE('',*,*,#1374,.F.);
#893=ORIENTED_EDGE('',*,*,#1376,.F.);
#894=ORIENTED_EDGE('',*,*,#1378,.F.);
#895=ORIENTED_EDGE('',*,*,#1380,.F.);
#896=ORIENTED_EDGE('',*,*,#1382,.F.);
#897=ORIENTED_EDGE('',*,*,#1383,.F.);
#898=ORIENTED_EDGE('',*,*,#1328,.F.);
#899=ORIENTED_EDGE('',*,*,#1384,.F.);
#900=ORIENTED_EDGE('',*,*,#1385,.T.);
#901=ORIENTED_EDGE('',*,*,#1386,.T.);
#902=ORIENTED_EDGE('',*,*,#1331,.T.);
#903=ORIENTED_EDGE('',*,*,#1387,.F.);
#904=ORIENTED_EDGE('',*,*,#1388,.F.);
#905=ORIENTED_EDGE('',*,*,#1384,.T.);
#906=ORIENTED_EDGE('',*,*,#1330,.T.);
#907=ORIENTED_EDGE('',*,*,#1389,.F.);
#908=ORIENTED_EDGE('',*,*,#1390,.F.);
#909=ORIENTED_EDGE('',*,*,#1387,.T.);
#910=ORIENTED_EDGE('',*,*,#1329,.F.);
#911=ORIENTED_EDGE('',*,*,#1386,.F.);
#912=ORIENTED_EDGE('',*,*,#1391,.T.);
#913=ORIENTED_EDGE('',*,*,#1389,.T.);
#914=ORIENTED_EDGE('',*,*,#1385,.F.);
#915=ORIENTED_EDGE('',*,*,#1388,.T.);
#916=ORIENTED_EDGE('',*,*,#1390,.T.);
#917=ORIENTED_EDGE('',*,*,#1391,.F.);
#918=ORIENTED_EDGE('',*,*,#1319,.T.);
#919=ORIENTED_EDGE('',*,*,#1344,.T.);
#920=ORIENTED_EDGE('',*,*,#1292,.T.);
#921=ORIENTED_EDGE('',*,*,#1392,.F.);
#922=ORIENTED_EDGE('',*,*,#1393,.T.);
#923=ORIENTED_EDGE('',*,*,#1288,.F.);
#924=ORIENTED_EDGE('',*,*,#1306,.F.);
#925=ORIENTED_EDGE('',*,*,#1323,.F.);
#926=ORIENTED_EDGE('',*,*,#1394,.T.);
#927=ORIENTED_EDGE('',*,*,#1289,.F.);
#928=ORIENTED_EDGE('',*,*,#1393,.F.);
#929=ORIENTED_EDGE('',*,*,#1322,.F.);
#930=ORIENTED_EDGE('',*,*,#1395,.T.);
#931=ORIENTED_EDGE('',*,*,#1290,.F.);
#932=ORIENTED_EDGE('',*,*,#1394,.F.);
#933=ORIENTED_EDGE('',*,*,#1321,.F.);
#934=ORIENTED_EDGE('',*,*,#1320,.T.);
#935=ORIENTED_EDGE('',*,*,#1392,.T.);
#936=ORIENTED_EDGE('',*,*,#1291,.T.);
#937=ORIENTED_EDGE('',*,*,#1395,.F.);
#938=ORIENTED_EDGE('',*,*,#1314,.T.);
#939=ORIENTED_EDGE('',*,*,#1396,.T.);
#940=ORIENTED_EDGE('',*,*,#1283,.T.);
#941=ORIENTED_EDGE('',*,*,#1354,.F.);
#942=ORIENTED_EDGE('',*,*,#1327,.T.);
#943=ORIENTED_EDGE('',*,*,#1397,.T.);
#944=ORIENTED_EDGE('',*,*,#1284,.T.);
#945=ORIENTED_EDGE('',*,*,#1396,.F.);
#946=ORIENTED_EDGE('',*,*,#1310,.T.);
#947=ORIENTED_EDGE('',*,*,#1285,.F.);
#948=ORIENTED_EDGE('',*,*,#1397,.F.);
#949=ORIENTED_EDGE('',*,*,#1326,.F.);
#950=ORIENTED_EDGE('',*,*,#1277,.T.);
#951=ORIENTED_EDGE('',*,*,#1398,.F.);
#952=ORIENTED_EDGE('',*,*,#1399,.F.);
#953=ORIENTED_EDGE('',*,*,#1400,.T.);
#954=ORIENTED_EDGE('',*,*,#1278,.T.);
#955=ORIENTED_EDGE('',*,*,#1400,.F.);
#956=ORIENTED_EDGE('',*,*,#1401,.F.);
#957=ORIENTED_EDGE('',*,*,#1402,.T.);
#958=ORIENTED_EDGE('',*,*,#1279,.T.);
#959=ORIENTED_EDGE('',*,*,#1402,.F.);
#960=ORIENTED_EDGE('',*,*,#1403,.F.);
#961=ORIENTED_EDGE('',*,*,#1404,.T.);
#962=ORIENTED_EDGE('',*,*,#1280,.T.);
#963=ORIENTED_EDGE('',*,*,#1404,.F.);
#964=ORIENTED_EDGE('',*,*,#1405,.F.);
#965=ORIENTED_EDGE('',*,*,#1406,.T.);
#966=ORIENTED_EDGE('',*,*,#1276,.T.);
#967=ORIENTED_EDGE('',*,*,#1406,.F.);
#968=ORIENTED_EDGE('',*,*,#1407,.F.);
#969=ORIENTED_EDGE('',*,*,#1398,.T.);
#970=ORIENTED_EDGE('',*,*,#1399,.T.);
#971=ORIENTED_EDGE('',*,*,#1407,.T.);
#972=ORIENTED_EDGE('',*,*,#1405,.T.);
#973=ORIENTED_EDGE('',*,*,#1403,.T.);
#974=ORIENTED_EDGE('',*,*,#1401,.T.);
#975=ORIENTED_EDGE('',*,*,#1272,.F.);
#976=ORIENTED_EDGE('',*,*,#1408,.F.);
#977=ORIENTED_EDGE('',*,*,#1409,.T.);
#978=ORIENTED_EDGE('',*,*,#1410,.T.);
#979=ORIENTED_EDGE('',*,*,#1273,.F.);
#980=ORIENTED_EDGE('',*,*,#1410,.F.);
#981=ORIENTED_EDGE('',*,*,#1411,.T.);
#982=ORIENTED_EDGE('',*,*,#1412,.T.);
#983=ORIENTED_EDGE('',*,*,#1274,.F.);
#984=ORIENTED_EDGE('',*,*,#1412,.F.);
#985=ORIENTED_EDGE('',*,*,#1413,.T.);
#986=ORIENTED_EDGE('',*,*,#1414,.T.);
#987=ORIENTED_EDGE('',*,*,#1275,.F.);
#988=ORIENTED_EDGE('',*,*,#1414,.F.);
#989=ORIENTED_EDGE('',*,*,#1415,.T.);
#990=ORIENTED_EDGE('',*,*,#1408,.T.);
#991=ORIENTED_EDGE('',*,*,#1409,.F.);
#992=ORIENTED_EDGE('',*,*,#1415,.F.);
#993=ORIENTED_EDGE('',*,*,#1413,.F.);
#994=ORIENTED_EDGE('',*,*,#1411,.F.);
#995=ORIENTED_EDGE('',*,*,#1294,.T.);
#996=ORIENTED_EDGE('',*,*,#1416,.F.);
#997=ORIENTED_EDGE('',*,*,#1417,.F.);
#998=ORIENTED_EDGE('',*,*,#1418,.T.);
#999=ORIENTED_EDGE('',*,*,#1295,.T.);
#1000=ORIENTED_EDGE('',*,*,#1418,.F.);
#1001=ORIENTED_EDGE('',*,*,#1419,.F.);
#1002=ORIENTED_EDGE('',*,*,#1420,.T.);
#1003=ORIENTED_EDGE('',*,*,#1296,.T.);
#1004=ORIENTED_EDGE('',*,*,#1420,.F.);
#1005=ORIENTED_EDGE('',*,*,#1421,.F.);
#1006=ORIENTED_EDGE('',*,*,#1422,.T.);
#1007=ORIENTED_EDGE('',*,*,#1293,.T.);
#1008=ORIENTED_EDGE('',*,*,#1422,.F.);
#1009=ORIENTED_EDGE('',*,*,#1423,.F.);
#1010=ORIENTED_EDGE('',*,*,#1416,.T.);
#1011=ORIENTED_EDGE('',*,*,#1417,.T.);
#1012=ORIENTED_EDGE('',*,*,#1423,.T.);
#1013=ORIENTED_EDGE('',*,*,#1421,.T.);
#1014=ORIENTED_EDGE('',*,*,#1419,.T.);
#1015=ORIENTED_EDGE('',*,*,#1298,.T.);
#1016=ORIENTED_EDGE('',*,*,#1424,.F.);
#1017=ORIENTED_EDGE('',*,*,#1425,.F.);
#1018=ORIENTED_EDGE('',*,*,#1426,.T.);
#1019=ORIENTED_EDGE('',*,*,#1299,.T.);
#1020=ORIENTED_EDGE('',*,*,#1426,.F.);
#1021=ORIENTED_EDGE('',*,*,#1427,.F.);
#1022=ORIENTED_EDGE('',*,*,#1428,.T.);
#1023=ORIENTED_EDGE('',*,*,#1300,.T.);
#1024=ORIENTED_EDGE('',*,*,#1428,.F.);
#1025=ORIENTED_EDGE('',*,*,#1429,.F.);
#1026=ORIENTED_EDGE('',*,*,#1430,.T.);
#1027=ORIENTED_EDGE('',*,*,#1297,.T.);
#1028=ORIENTED_EDGE('',*,*,#1430,.F.);
#1029=ORIENTED_EDGE('',*,*,#1431,.F.);
#1030=ORIENTED_EDGE('',*,*,#1424,.T.);
#1031=ORIENTED_EDGE('',*,*,#1425,.T.);
#1032=ORIENTED_EDGE('',*,*,#1431,.T.);
#1033=ORIENTED_EDGE('',*,*,#1429,.T.);
#1034=ORIENTED_EDGE('',*,*,#1427,.T.);
#1035=ORIENTED_EDGE('',*,*,#1301,.F.);
#1036=ORIENTED_EDGE('',*,*,#1432,.F.);
#1037=ORIENTED_EDGE('',*,*,#1433,.T.);
#1038=ORIENTED_EDGE('',*,*,#1434,.T.);
#1039=ORIENTED_EDGE('',*,*,#1302,.F.);
#1040=ORIENTED_EDGE('',*,*,#1434,.F.);
#1041=ORIENTED_EDGE('',*,*,#1435,.T.);
#1042=ORIENTED_EDGE('',*,*,#1436,.T.);
#1043=ORIENTED_EDGE('',*,*,#1303,.F.);
#1044=ORIENTED_EDGE('',*,*,#1436,.F.);
#1045=ORIENTED_EDGE('',*,*,#1437,.T.);
#1046=ORIENTED_EDGE('',*,*,#1438,.T.);
#1047=ORIENTED_EDGE('',*,*,#1304,.F.);
#1048=ORIENTED_EDGE('',*,*,#1438,.F.);
#1049=ORIENTED_EDGE('',*,*,#1439,.T.);
#1050=ORIENTED_EDGE('',*,*,#1432,.T.);
#1051=ORIENTED_EDGE('',*,*,#1433,.F.);
#1052=ORIENTED_EDGE('',*,*,#1439,.F.);
#1053=ORIENTED_EDGE('',*,*,#1437,.F.);
#1054=ORIENTED_EDGE('',*,*,#1435,.F.);
#1055=ORIENTED_EDGE('',*,*,#1269,.T.);
#1056=ORIENTED_EDGE('',*,*,#1440,.F.);
#1057=ORIENTED_EDGE('',*,*,#1441,.F.);
#1058=ORIENTED_EDGE('',*,*,#1442,.T.);
#1059=ORIENTED_EDGE('',*,*,#1270,.T.);
#1060=ORIENTED_EDGE('',*,*,#1442,.F.);
#1061=ORIENTED_EDGE('',*,*,#1443,.F.);
#1062=ORIENTED_EDGE('',*,*,#1444,.T.);
#1063=ORIENTED_EDGE('',*,*,#1271,.T.);
#1064=ORIENTED_EDGE('',*,*,#1444,.F.);
#1065=ORIENTED_EDGE('',*,*,#1445,.F.);
#1066=ORIENTED_EDGE('',*,*,#1446,.T.);
#1067=ORIENTED_EDGE('',*,*,#1268,.T.);
#1068=ORIENTED_EDGE('',*,*,#1446,.F.);
#1069=ORIENTED_EDGE('',*,*,#1447,.F.);
#1070=ORIENTED_EDGE('',*,*,#1440,.T.);
#1071=ORIENTED_EDGE('',*,*,#1441,.T.);
#1072=ORIENTED_EDGE('',*,*,#1447,.T.);
#1073=ORIENTED_EDGE('',*,*,#1445,.T.);
#1074=ORIENTED_EDGE('',*,*,#1443,.T.);
#1075=ORIENTED_EDGE('',*,*,#1261,.T.);
#1076=ORIENTED_EDGE('',*,*,#1448,.F.);
#1077=ORIENTED_EDGE('',*,*,#1449,.F.);
#1078=ORIENTED_EDGE('',*,*,#1450,.T.);
#1079=ORIENTED_EDGE('',*,*,#1262,.F.);
#1080=ORIENTED_EDGE('',*,*,#1450,.F.);
#1081=ORIENTED_EDGE('',*,*,#1451,.T.);
#1082=ORIENTED_EDGE('',*,*,#1452,.T.);
#1083=ORIENTED_EDGE('',*,*,#1263,.F.);
#1084=ORIENTED_EDGE('',*,*,#1452,.F.);
#1085=ORIENTED_EDGE('',*,*,#1453,.T.);
#1086=ORIENTED_EDGE('',*,*,#1454,.T.);
#1087=ORIENTED_EDGE('',*,*,#1264,.F.);
#1088=ORIENTED_EDGE('',*,*,#1454,.F.);
#1089=ORIENTED_EDGE('',*,*,#1455,.T.);
#1090=ORIENTED_EDGE('',*,*,#1456,.T.);
#1091=ORIENTED_EDGE('',*,*,#1265,.T.);
#1092=ORIENTED_EDGE('',*,*,#1456,.F.);
#1093=ORIENTED_EDGE('',*,*,#1457,.F.);
#1094=ORIENTED_EDGE('',*,*,#1458,.T.);
#1095=ORIENTED_EDGE('',*,*,#1266,.T.);
#1096=ORIENTED_EDGE('',*,*,#1458,.F.);
#1097=ORIENTED_EDGE('',*,*,#1459,.F.);
#1098=ORIENTED_EDGE('',*,*,#1460,.T.);
#1099=ORIENTED_EDGE('',*,*,#1267,.T.);
#1100=ORIENTED_EDGE('',*,*,#1460,.F.);
#1101=ORIENTED_EDGE('',*,*,#1461,.F.);
#1102=ORIENTED_EDGE('',*,*,#1462,.T.);
#1103=ORIENTED_EDGE('',*,*,#1260,.T.);
#1104=ORIENTED_EDGE('',*,*,#1462,.F.);
#1105=ORIENTED_EDGE('',*,*,#1463,.F.);
#1106=ORIENTED_EDGE('',*,*,#1448,.T.);
#1107=ORIENTED_EDGE('',*,*,#1449,.T.);
#1108=ORIENTED_EDGE('',*,*,#1463,.T.);
#1109=ORIENTED_EDGE('',*,*,#1461,.T.);
#1110=ORIENTED_EDGE('',*,*,#1459,.T.);
#1111=ORIENTED_EDGE('',*,*,#1457,.T.);
#1112=ORIENTED_EDGE('',*,*,#1455,.F.);
#1113=ORIENTED_EDGE('',*,*,#1453,.F.);
#1114=ORIENTED_EDGE('',*,*,#1451,.F.);
#1115=ORIENTED_EDGE('',*,*,#1257,.T.);
#1116=ORIENTED_EDGE('',*,*,#1464,.F.);
#1117=ORIENTED_EDGE('',*,*,#1465,.F.);
#1118=ORIENTED_EDGE('',*,*,#1466,.T.);
#1119=ORIENTED_EDGE('',*,*,#1258,.T.);
#1120=ORIENTED_EDGE('',*,*,#1466,.F.);
#1121=ORIENTED_EDGE('',*,*,#1467,.F.);
#1122=ORIENTED_EDGE('',*,*,#1468,.T.);
#1123=ORIENTED_EDGE('',*,*,#1259,.T.);
#1124=ORIENTED_EDGE('',*,*,#1468,.F.);
#1125=ORIENTED_EDGE('',*,*,#1469,.F.);
#1126=ORIENTED_EDGE('',*,*,#1470,.T.);
#1127=ORIENTED_EDGE('',*,*,#1256,.T.);
#1128=ORIENTED_EDGE('',*,*,#1470,.F.);
#1129=ORIENTED_EDGE('',*,*,#1471,.F.);
#1130=ORIENTED_EDGE('',*,*,#1464,.T.);
#1131=ORIENTED_EDGE('',*,*,#1465,.T.);
#1132=ORIENTED_EDGE('',*,*,#1471,.T.);
#1133=ORIENTED_EDGE('',*,*,#1469,.T.);
#1134=ORIENTED_EDGE('',*,*,#1467,.T.);
#1135=ORIENTED_EDGE('',*,*,#1253,.T.);
#1136=ORIENTED_EDGE('',*,*,#1472,.F.);
#1137=ORIENTED_EDGE('',*,*,#1473,.F.);
#1138=ORIENTED_EDGE('',*,*,#1474,.T.);
#1139=ORIENTED_EDGE('',*,*,#1254,.T.);
#1140=ORIENTED_EDGE('',*,*,#1474,.F.);
#1141=ORIENTED_EDGE('',*,*,#1475,.F.);
#1142=ORIENTED_EDGE('',*,*,#1476,.T.);
#1143=ORIENTED_EDGE('',*,*,#1255,.T.);
#1144=ORIENTED_EDGE('',*,*,#1476,.F.);
#1145=ORIENTED_EDGE('',*,*,#1477,.F.);
#1146=ORIENTED_EDGE('',*,*,#1478,.T.);
#1147=ORIENTED_EDGE('',*,*,#1252,.T.);
#1148=ORIENTED_EDGE('',*,*,#1478,.F.);
#1149=ORIENTED_EDGE('',*,*,#1479,.F.);
#1150=ORIENTED_EDGE('',*,*,#1472,.T.);
#1151=ORIENTED_EDGE('',*,*,#1473,.T.);
#1152=ORIENTED_EDGE('',*,*,#1479,.T.);
#1153=ORIENTED_EDGE('',*,*,#1477,.T.);
#1154=ORIENTED_EDGE('',*,*,#1475,.T.);
#1155=ORIENTED_EDGE('',*,*,#1247,.T.);
#1156=ORIENTED_EDGE('',*,*,#1480,.F.);
#1157=ORIENTED_EDGE('',*,*,#1481,.F.);
#1158=ORIENTED_EDGE('',*,*,#1482,.T.);
#1159=ORIENTED_EDGE('',*,*,#1248,.F.);
#1160=ORIENTED_EDGE('',*,*,#1482,.F.);
#1161=ORIENTED_EDGE('',*,*,#1483,.T.);
#1162=ORIENTED_EDGE('',*,*,#1484,.T.);
#1163=ORIENTED_EDGE('',*,*,#1249,.F.);
#1164=ORIENTED_EDGE('',*,*,#1484,.F.);
#1165=ORIENTED_EDGE('',*,*,#1485,.T.);
#1166=ORIENTED_EDGE('',*,*,#1486,.T.);
#1167=ORIENTED_EDGE('',*,*,#1250,.T.);
#1168=ORIENTED_EDGE('',*,*,#1486,.F.);
#1169=ORIENTED_EDGE('',*,*,#1487,.F.);
#1170=ORIENTED_EDGE('',*,*,#1488,.T.);
#1171=ORIENTED_EDGE('',*,*,#1251,.T.);
#1172=ORIENTED_EDGE('',*,*,#1488,.F.);
#1173=ORIENTED_EDGE('',*,*,#1489,.F.);
#1174=ORIENTED_EDGE('',*,*,#1490,.T.);
#1175=ORIENTED_EDGE('',*,*,#1246,.T.);
#1176=ORIENTED_EDGE('',*,*,#1490,.F.);
#1177=ORIENTED_EDGE('',*,*,#1491,.F.);
#1178=ORIENTED_EDGE('',*,*,#1480,.T.);
#1179=ORIENTED_EDGE('',*,*,#1481,.T.);
#1180=ORIENTED_EDGE('',*,*,#1491,.T.);
#1181=ORIENTED_EDGE('',*,*,#1489,.T.);
#1182=ORIENTED_EDGE('',*,*,#1487,.T.);
#1183=ORIENTED_EDGE('',*,*,#1485,.F.);
#1184=ORIENTED_EDGE('',*,*,#1483,.F.);
#1185=ORIENTED_EDGE('',*,*,#1238,.T.);
#1186=ORIENTED_EDGE('',*,*,#1492,.F.);
#1187=ORIENTED_EDGE('',*,*,#1493,.F.);
#1188=ORIENTED_EDGE('',*,*,#1494,.T.);
#1189=ORIENTED_EDGE('',*,*,#1239,.T.);
#1190=ORIENTED_EDGE('',*,*,#1494,.F.);
#1191=ORIENTED_EDGE('',*,*,#1495,.F.);
#1192=ORIENTED_EDGE('',*,*,#1496,.T.);
#1193=ORIENTED_EDGE('',*,*,#1240,.T.);
#1194=ORIENTED_EDGE('',*,*,#1496,.F.);
#1195=ORIENTED_EDGE('',*,*,#1497,.F.);
#1196=ORIENTED_EDGE('',*,*,#1498,.T.);
#1197=ORIENTED_EDGE('',*,*,#1241,.T.);
#1198=ORIENTED_EDGE('',*,*,#1498,.F.);
#1199=ORIENTED_EDGE('',*,*,#1499,.F.);
#1200=ORIENTED_EDGE('',*,*,#1500,.T.);
#1201=ORIENTED_EDGE('',*,*,#1242,.F.);
#1202=ORIENTED_EDGE('',*,*,#1500,.F.);
#1203=ORIENTED_EDGE('',*,*,#1501,.T.);
#1204=ORIENTED_EDGE('',*,*,#1502,.T.);
#1205=ORIENTED_EDGE('',*,*,#1243,.F.);
#1206=ORIENTED_EDGE('',*,*,#1502,.F.);
#1207=ORIENTED_EDGE('',*,*,#1503,.T.);
#1208=ORIENTED_EDGE('',*,*,#1504,.T.);
#1209=ORIENTED_EDGE('',*,*,#1244,.F.);
#1210=ORIENTED_EDGE('',*,*,#1504,.F.);
#1211=ORIENTED_EDGE('',*,*,#1505,.T.);
#1212=ORIENTED_EDGE('',*,*,#1506,.T.);
#1213=ORIENTED_EDGE('',*,*,#1245,.F.);
#1214=ORIENTED_EDGE('',*,*,#1506,.F.);
#1215=ORIENTED_EDGE('',*,*,#1507,.T.);
#1216=ORIENTED_EDGE('',*,*,#1508,.T.);
#1217=ORIENTED_EDGE('',*,*,#1237,.F.);
#1218=ORIENTED_EDGE('',*,*,#1508,.F.);
#1219=ORIENTED_EDGE('',*,*,#1509,.T.);
#1220=ORIENTED_EDGE('',*,*,#1492,.T.);
#1221=ORIENTED_EDGE('',*,*,#1493,.T.);
#1222=ORIENTED_EDGE('',*,*,#1509,.F.);
#1223=ORIENTED_EDGE('',*,*,#1507,.F.);
#1224=ORIENTED_EDGE('',*,*,#1505,.F.);
#1225=ORIENTED_EDGE('',*,*,#1503,.F.);
#1226=ORIENTED_EDGE('',*,*,#1501,.F.);
#1227=ORIENTED_EDGE('',*,*,#1499,.T.);
#1228=ORIENTED_EDGE('',*,*,#1497,.T.);
#1229=ORIENTED_EDGE('',*,*,#1495,.T.);
#1230=EDGE_CURVE('',#1510,#1511,#1697,.F.);
#1231=EDGE_CURVE('',#1512,#1510,#128,.T.);
#1232=EDGE_CURVE('',#1513,#1512,#124,.T.);
#1233=EDGE_CURVE('',#1511,#1513,#129,.F.);
#1234=EDGE_CURVE('',#1510,#1514,#130,.T.);
#1235=EDGE_CURVE('',#1515,#1511,#131,.F.);
#1236=EDGE_CURVE('',#1514,#1515,#125,.F.);
#1237=EDGE_CURVE('',#1516,#1517,#14,.T.);
#1238=EDGE_CURVE('',#1518,#1517,#15,.T.);
#1239=EDGE_CURVE('',#1519,#1518,#132,.T.);
#1240=EDGE_CURVE('',#1520,#1519,#133,.T.);
#1241=EDGE_CURVE('',#1521,#1520,#134,.T.);
#1242=EDGE_CURVE('',#1521,#1522,#135,.T.);
#1243=EDGE_CURVE('',#1522,#1523,#136,.T.);
#1244=EDGE_CURVE('',#1523,#1524,#137,.T.);
#1245=EDGE_CURVE('',#1524,#1516,#138,.T.);
#1246=EDGE_CURVE('',#1525,#1526,#139,.T.);
#1247=EDGE_CURVE('',#1527,#1525,#140,.T.);
#1248=EDGE_CURVE('',#1527,#1528,#141,.T.);
#1249=EDGE_CURVE('',#1528,#1529,#142,.T.);
#1250=EDGE_CURVE('',#1530,#1529,#143,.T.);
#1251=EDGE_CURVE('',#1526,#1530,#144,.T.);
#1252=EDGE_CURVE('',#1531,#1532,#145,.T.);
#1253=EDGE_CURVE('',#1533,#1531,#146,.T.);
#1254=EDGE_CURVE('',#1534,#1533,#147,.T.);
#1255=EDGE_CURVE('',#1532,#1534,#148,.T.);
#1256=EDGE_CURVE('',#1535,#1536,#149,.T.);
#1257=EDGE_CURVE('',#1537,#1535,#150,.T.);
#1258=EDGE_CURVE('',#1538,#1537,#151,.T.);
#1259=EDGE_CURVE('',#1536,#1538,#152,.T.);
#1260=EDGE_CURVE('',#1539,#1540,#153,.T.);
#1261=EDGE_CURVE('',#1541,#1539,#154,.T.);
#1262=EDGE_CURVE('',#1541,#1542,#155,.T.);
#1263=EDGE_CURVE('',#1542,#1543,#156,.T.);
#1264=EDGE_CURVE('',#1543,#1544,#157,.T.);
#1265=EDGE_CURVE('',#1545,#1544,#158,.T.);
#1266=EDGE_CURVE('',#1546,#1545,#159,.T.);
#1267=EDGE_CURVE('',#1540,#1546,#160,.T.);
#1268=EDGE_CURVE('',#1547,#1548,#161,.T.);
#1269=EDGE_CURVE('',#1549,#1547,#162,.T.);
#1270=EDGE_CURVE('',#1550,#1549,#163,.T.);
#1271=EDGE_CURVE('',#1548,#1550,#164,.T.);
#1272=EDGE_CURVE('',#1551,#1552,#165,.T.);
#1273=EDGE_CURVE('',#1552,#1553,#166,.T.);
#1274=EDGE_CURVE('',#1553,#1554,#167,.T.);
#1275=EDGE_CURVE('',#1554,#1551,#168,.T.);
#1276=EDGE_CURVE('',#1555,#1556,#169,.T.);
#1277=EDGE_CURVE('',#1557,#1555,#170,.T.);
#1278=EDGE_CURVE('',#1558,#1557,#171,.T.);
#1279=EDGE_CURVE('',#1559,#1558,#172,.T.);
#1280=EDGE_CURVE('',#1556,#1559,#173,.T.);
#1281=EDGE_CURVE('',#1560,#1512,#174,.T.);
#1282=EDGE_CURVE('',#1561,#1514,#175,.T.);
#1283=EDGE_CURVE('',#1562,#1561,#176,.T.);
#1284=EDGE_CURVE('',#1563,#1562,#177,.T.);
#1285=EDGE_CURVE('',#1563,#1564,#178,.T.);
#1286=EDGE_CURVE('',#1565,#1564,#179,.T.);
#1287=EDGE_CURVE('',#1565,#1566,#180,.T.);
#1288=EDGE_CURVE('',#1566,#1567,#181,.T.);
#1289=EDGE_CURVE('',#1567,#1568,#182,.T.);
#1290=EDGE_CURVE('',#1568,#1569,#183,.T.);
#1291=EDGE_CURVE('',#1570,#1569,#184,.T.);
#1292=EDGE_CURVE('',#1560,#1570,#185,.T.);
#1293=EDGE_CURVE('',#1571,#1572,#186,.T.);
#1294=EDGE_CURVE('',#1573,#1571,#187,.T.);
#1295=EDGE_CURVE('',#1574,#1573,#188,.T.);
#1296=EDGE_CURVE('',#1572,#1574,#189,.T.);
#1297=EDGE_CURVE('',#1575,#1576,#190,.T.);
#1298=EDGE_CURVE('',#1577,#1575,#191,.T.);
#1299=EDGE_CURVE('',#1578,#1577,#192,.T.);
#1300=EDGE_CURVE('',#1576,#1578,#193,.T.);
#1301=EDGE_CURVE('',#1579,#1580,#194,.T.);
#1302=EDGE_CURVE('',#1580,#1581,#195,.T.);
#1303=EDGE_CURVE('',#1581,#1582,#196,.T.);
#1304=EDGE_CURVE('',#1582,#1579,#197,.T.);
#1305=EDGE_CURVE('',#1583,#1584,#198,.T.);
#1306=EDGE_CURVE('',#1584,#1566,#199,.T.);
#1307=EDGE_CURVE('',#1585,#1565,#200,.T.);
#1308=EDGE_CURVE('',#1585,#1586,#201,.T.);
#1309=EDGE_CURVE('',#1586,#1583,#202,.T.);
#1310=EDGE_CURVE('',#1587,#1564,#203,.T.);
#1311=EDGE_CURVE('',#1588,#1587,#204,.T.);
#1312=EDGE_CURVE('',#1589,#1588,#205,.T.);
#1313=EDGE_CURVE('',#1585,#1589,#206,.T.);
#1314=EDGE_CURVE('',#1590,#1591,#207,.T.);
#1315=EDGE_CURVE('',#1590,#1592,#208,.T.);
#1316=EDGE_CURVE('',#1593,#1592,#209,.T.);
#1317=EDGE_CURVE('',#1594,#1593,#210,.T.);
#1318=EDGE_CURVE('',#1595,#1594,#211,.T.);
#1319=EDGE_CURVE('',#1596,#1595,#212,.T.);
#1320=EDGE_CURVE('',#1597,#1596,#213,.T.);
#1321=EDGE_CURVE('',#1597,#1598,#214,.T.);
#1322=EDGE_CURVE('',#1598,#1599,#215,.T.);
#1323=EDGE_CURVE('',#1599,#1584,#216,.T.);
#1324=EDGE_CURVE('',#1583,#1600,#217,.T.);
#1325=EDGE_CURVE('',#1588,#1600,#218,.T.);
#1326=EDGE_CURVE('',#1587,#1601,#219,.T.);
#1327=EDGE_CURVE('',#1591,#1601,#220,.T.);
#1328=EDGE_CURVE('',#1602,#1603,#221,.T.);
#1329=EDGE_CURVE('',#1603,#1604,#222,.T.);
#1330=EDGE_CURVE('',#1605,#1604,#223,.T.);
#1331=EDGE_CURVE('',#1602,#1605,#224,.T.);
#1332=EDGE_CURVE('',#1606,#1607,#225,.T.);
#1333=EDGE_CURVE('',#1607,#1608,#226,.T.);
#1334=EDGE_CURVE('',#1609,#1608,#227,.T.);
#1335=EDGE_CURVE('',#1606,#1609,#228,.T.);
#1336=EDGE_CURVE('',#1610,#1611,#229,.T.);
#1337=EDGE_CURVE('',#1612,#1611,#230,.T.);
#1338=EDGE_CURVE('',#1612,#1613,#231,.T.);
#1339=EDGE_CURVE('',#1613,#1614,#232,.T.);
#1340=EDGE_CURVE('',#1614,#1615,#233,.T.);
#1341=EDGE_CURVE('',#1615,#1616,#234,.T.);
#1342=EDGE_CURVE('',#1616,#1610,#235,.T.);
#1343=EDGE_CURVE('',#1617,#1513,#236,.T.);
#1344=EDGE_CURVE('',#1595,#1560,#237,.T.);
#1345=EDGE_CURVE('',#1594,#1618,#238,.T.);
#1346=EDGE_CURVE('',#1618,#1617,#239,.T.);
#1347=EDGE_CURVE('',#1619,#1620,#240,.T.);
#1348=EDGE_CURVE('',#1620,#1621,#241,.T.);
#1349=EDGE_CURVE('',#1622,#1621,#242,.T.);
#1350=EDGE_CURVE('',#1617,#1622,#243,.T.);
#1351=EDGE_CURVE('',#1618,#1619,#244,.T.);
#1352=EDGE_CURVE('',#1621,#1515,#245,.T.);
#1353=EDGE_CURVE('',#1620,#1592,#246,.T.);
#1354=EDGE_CURVE('',#1590,#1561,#247,.T.);
#1355=EDGE_CURVE('',#1622,#1511,#248,.T.);
#1356=EDGE_CURVE('',#1619,#1593,#249,.T.);
#1357=EDGE_CURVE('',#1623,#1600,#250,.T.);
#1358=EDGE_CURVE('',#1589,#1623,#251,.T.);
#1359=EDGE_CURVE('',#1586,#1623,#252,.T.);
#1360=EDGE_CURVE('',#1624,#1624,#126,.T.);
#1361=EDGE_CURVE('',#1625,#1625,#127,.F.);
#1362=EDGE_CURVE('',#1626,#1606,#253,.T.);
#1363=EDGE_CURVE('',#1626,#1627,#254,.T.);
#1364=EDGE_CURVE('',#1627,#1607,#255,.T.);
#1365=EDGE_CURVE('',#1628,#1609,#256,.T.);
#1366=EDGE_CURVE('',#1626,#1628,#257,.T.);
#1367=EDGE_CURVE('',#1629,#1608,#258,.T.);
#1368=EDGE_CURVE('',#1628,#1629,#259,.T.);
#1369=EDGE_CURVE('',#1627,#1629,#260,.T.);
#1370=EDGE_CURVE('',#1630,#1611,#261,.T.);
#1371=EDGE_CURVE('',#1631,#1630,#262,.T.);
#1372=EDGE_CURVE('',#1631,#1612,#263,.T.);
#1373=EDGE_CURVE('',#1632,#1610,#264,.T.);
#1374=EDGE_CURVE('',#1632,#1630,#265,.T.);
#1375=EDGE_CURVE('',#1633,#1616,#266,.T.);
#1376=EDGE_CURVE('',#1633,#1632,#267,.T.);
#1377=EDGE_CURVE('',#1634,#1615,#268,.T.);
#1378=EDGE_CURVE('',#1634,#1633,#269,.T.);
#1379=EDGE_CURVE('',#1635,#1614,#270,.T.);
#1380=EDGE_CURVE('',#1635,#1634,#271,.T.);
#1381=EDGE_CURVE('',#1636,#1613,#272,.T.);
#1382=EDGE_CURVE('',#1636,#1635,#273,.T.);
#1383=EDGE_CURVE('',#1631,#1636,#274,.T.);
#1384=EDGE_CURVE('',#1637,#1602,#275,.T.);
#1385=EDGE_CURVE('',#1637,#1638,#276,.T.);
#1386=EDGE_CURVE('',#1638,#1603,#277,.T.);
#1387=EDGE_CURVE('',#1639,#1605,#278,.T.);
#1388=EDGE_CURVE('',#1637,#1639,#279,.T.);
#1389=EDGE_CURVE('',#1640,#1604,#280,.T.);
#1390=EDGE_CURVE('',#1639,#1640,#281,.T.);
#1391=EDGE_CURVE('',#1638,#1640,#282,.T.);
#1392=EDGE_CURVE('',#1596,#1570,#283,.T.);
#1393=EDGE_CURVE('',#1599,#1567,#284,.T.);
#1394=EDGE_CURVE('',#1598,#1568,#285,.T.);
#1395=EDGE_CURVE('',#1597,#1569,#286,.T.);
#1396=EDGE_CURVE('',#1591,#1562,#287,.T.);
#1397=EDGE_CURVE('',#1601,#1563,#288,.T.);
#1398=EDGE_CURVE('',#1641,#1555,#289,.T.);
#1399=EDGE_CURVE('',#1642,#1641,#290,.T.);
#1400=EDGE_CURVE('',#1642,#1557,#291,.T.);
#1401=EDGE_CURVE('',#1643,#1642,#292,.T.);
#1402=EDGE_CURVE('',#1643,#1558,#293,.T.);
#1403=EDGE_CURVE('',#1644,#1643,#294,.T.);
#1404=EDGE_CURVE('',#1644,#1559,#295,.T.);
#1405=EDGE_CURVE('',#1645,#1644,#296,.T.);
#1406=EDGE_CURVE('',#1645,#1556,#297,.T.);
#1407=EDGE_CURVE('',#1641,#1645,#298,.T.);
#1408=EDGE_CURVE('',#1646,#1551,#299,.T.);
#1409=EDGE_CURVE('',#1646,#1647,#300,.T.);
#1410=EDGE_CURVE('',#1647,#1552,#301,.T.);
#1411=EDGE_CURVE('',#1647,#1648,#302,.T.);
#1412=EDGE_CURVE('',#1648,#1553,#303,.T.);
#1413=EDGE_CURVE('',#1648,#1649,#304,.T.);
#1414=EDGE_CURVE('',#1649,#1554,#305,.T.);
#1415=EDGE_CURVE('',#1649,#1646,#306,.T.);
#1416=EDGE_CURVE('',#1650,#1571,#307,.T.);
#1417=EDGE_CURVE('',#1651,#1650,#308,.T.);
#1418=EDGE_CURVE('',#1651,#1573,#309,.T.);
#1419=EDGE_CURVE('',#1652,#1651,#310,.T.);
#1420=EDGE_CURVE('',#1652,#1574,#311,.T.);
#1421=EDGE_CURVE('',#1653,#1652,#312,.T.);
#1422=EDGE_CURVE('',#1653,#1572,#313,.T.);
#1423=EDGE_CURVE('',#1650,#1653,#314,.T.);
#1424=EDGE_CURVE('',#1654,#1575,#315,.T.);
#1425=EDGE_CURVE('',#1655,#1654,#316,.T.);
#1426=EDGE_CURVE('',#1655,#1577,#317,.T.);
#1427=EDGE_CURVE('',#1656,#1655,#318,.T.);
#1428=EDGE_CURVE('',#1656,#1578,#319,.T.);
#1429=EDGE_CURVE('',#1657,#1656,#320,.T.);
#1430=EDGE_CURVE('',#1657,#1576,#321,.T.);
#1431=EDGE_CURVE('',#1654,#1657,#322,.T.);
#1432=EDGE_CURVE('',#1658,#1579,#323,.T.);
#1433=EDGE_CURVE('',#1658,#1659,#324,.T.);
#1434=EDGE_CURVE('',#1659,#1580,#325,.T.);
#1435=EDGE_CURVE('',#1659,#1660,#326,.T.);
#1436=EDGE_CURVE('',#1660,#1581,#327,.T.);
#1437=EDGE_CURVE('',#1660,#1661,#328,.T.);
#1438=EDGE_CURVE('',#1661,#1582,#329,.T.);
#1439=EDGE_CURVE('',#1661,#1658,#330,.T.);
#1440=EDGE_CURVE('',#1662,#1547,#331,.T.);
#1441=EDGE_CURVE('',#1663,#1662,#332,.T.);
#1442=EDGE_CURVE('',#1663,#1549,#333,.T.);
#1443=EDGE_CURVE('',#1664,#1663,#334,.T.);
#1444=EDGE_CURVE('',#1664,#1550,#335,.T.);
#1445=EDGE_CURVE('',#1665,#1664,#336,.T.);
#1446=EDGE_CURVE('',#1665,#1548,#337,.T.);
#1447=EDGE_CURVE('',#1662,#1665,#338,.T.);
#1448=EDGE_CURVE('',#1666,#1539,#339,.T.);
#1449=EDGE_CURVE('',#1667,#1666,#340,.T.);
#1450=EDGE_CURVE('',#1667,#1541,#341,.T.);
#1451=EDGE_CURVE('',#1667,#1668,#342,.T.);
#1452=EDGE_CURVE('',#1668,#1542,#343,.T.);
#1453=EDGE_CURVE('',#1668,#1669,#344,.T.);
#1454=EDGE_CURVE('',#1669,#1543,#345,.T.);
#1455=EDGE_CURVE('',#1669,#1670,#346,.T.);
#1456=EDGE_CURVE('',#1670,#1544,#347,.T.);
#1457=EDGE_CURVE('',#1671,#1670,#348,.T.);
#1458=EDGE_CURVE('',#1671,#1545,#349,.T.);
#1459=EDGE_CURVE('',#1672,#1671,#350,.T.);
#1460=EDGE_CURVE('',#1672,#1546,#351,.T.);
#1461=EDGE_CURVE('',#1673,#1672,#352,.T.);
#1462=EDGE_CURVE('',#1673,#1540,#353,.T.);
#1463=EDGE_CURVE('',#1666,#1673,#354,.T.);
#1464=EDGE_CURVE('',#1674,#1535,#355,.T.);
#1465=EDGE_CURVE('',#1675,#1674,#356,.T.);
#1466=EDGE_CURVE('',#1675,#1537,#357,.T.);
#1467=EDGE_CURVE('',#1676,#1675,#358,.T.);
#1468=EDGE_CURVE('',#1676,#1538,#359,.T.);
#1469=EDGE_CURVE('',#1677,#1676,#360,.T.);
#1470=EDGE_CURVE('',#1677,#1536,#361,.T.);
#1471=EDGE_CURVE('',#1674,#1677,#362,.T.);
#1472=EDGE_CURVE('',#1678,#1531,#363,.T.);
#1473=EDGE_CURVE('',#1679,#1678,#364,.T.);
#1474=EDGE_CURVE('',#1679,#1533,#365,.T.);
#1475=EDGE_CURVE('',#1680,#1679,#366,.T.);
#1476=EDGE_CURVE('',#1680,#1534,#367,.T.);
#1477=EDGE_CURVE('',#1681,#1680,#368,.T.);
#1478=EDGE_CURVE('',#1681,#1532,#369,.T.);
#1479=EDGE_CURVE('',#1678,#1681,#370,.T.);
#1480=EDGE_CURVE('',#1682,#1525,#371,.T.);
#1481=EDGE_CURVE('',#1683,#1682,#372,.T.);
#1482=EDGE_CURVE('',#1683,#1527,#373,.T.);
#1483=EDGE_CURVE('',#1683,#1684,#374,.T.);
#1484=EDGE_CURVE('',#1684,#1528,#375,.T.);
#1485=EDGE_CURVE('',#1684,#1685,#376,.T.);
#1486=EDGE_CURVE('',#1685,#1529,#377,.T.);
#1487=EDGE_CURVE('',#1686,#1685,#378,.T.);
#1488=EDGE_CURVE('',#1686,#1530,#379,.T.);
#1489=EDGE_CURVE('',#1687,#1686,#380,.T.);
#1490=EDGE_CURVE('',#1687,#1526,#381,.T.);
#1491=EDGE_CURVE('',#1682,#1687,#382,.T.);
#1492=EDGE_CURVE('',#1688,#1517,#383,.T.);
#1493=EDGE_CURVE('',#1689,#1688,#16,.T.);
#1494=EDGE_CURVE('',#1689,#1518,#384,.T.);
#1495=EDGE_CURVE('',#1690,#1689,#385,.T.);
#1496=EDGE_CURVE('',#1690,#1519,#386,.T.);
#1497=EDGE_CURVE('',#1691,#1690,#387,.T.);
#1498=EDGE_CURVE('',#1691,#1520,#388,.T.);
#1499=EDGE_CURVE('',#1692,#1691,#389,.T.);
#1500=EDGE_CURVE('',#1692,#1521,#390,.T.);
#1501=EDGE_CURVE('',#1692,#1693,#391,.T.);
#1502=EDGE_CURVE('',#1693,#1522,#392,.T.);
#1503=EDGE_CURVE('',#1693,#1694,#393,.T.);
#1504=EDGE_CURVE('',#1694,#1523,#394,.T.);
#1505=EDGE_CURVE('',#1694,#1695,#395,.T.);
#1506=EDGE_CURVE('',#1695,#1524,#396,.T.);
#1507=EDGE_CURVE('',#1695,#1696,#397,.T.);
#1508=EDGE_CURVE('',#1696,#1516,#398,.T.);
#1509=EDGE_CURVE('',#1696,#1688,#17,.T.);
#1510=VERTEX_POINT('',#2697);
#1511=VERTEX_POINT('',#2698);
#1512=VERTEX_POINT('',#2700);
#1513=VERTEX_POINT('',#2702);
#1514=VERTEX_POINT('',#2706);
#1515=VERTEX_POINT('',#2708);
#1516=VERTEX_POINT('',#2716);
#1517=VERTEX_POINT('',#2717);
#1518=VERTEX_POINT('',#2723);
#1519=VERTEX_POINT('',#2725);
#1520=VERTEX_POINT('',#2727);
#1521=VERTEX_POINT('',#2729);
#1522=VERTEX_POINT('',#2731);
#1523=VERTEX_POINT('',#2733);
#1524=VERTEX_POINT('',#2735);
#1525=VERTEX_POINT('',#2738);
#1526=VERTEX_POINT('',#2739);
#1527=VERTEX_POINT('',#2741);
#1528=VERTEX_POINT('',#2743);
#1529=VERTEX_POINT('',#2745);
#1530=VERTEX_POINT('',#2747);
#1531=VERTEX_POINT('',#2750);
#1532=VERTEX_POINT('',#2751);
#1533=VERTEX_POINT('',#2753);
#1534=VERTEX_POINT('',#2755);
#1535=VERTEX_POINT('',#2758);
#1536=VERTEX_POINT('',#2759);
#1537=VERTEX_POINT('',#2761);
#1538=VERTEX_POINT('',#2763);
#1539=VERTEX_POINT('',#2766);
#1540=VERTEX_POINT('',#2767);
#1541=VERTEX_POINT('',#2769);
#1542=VERTEX_POINT('',#2771);
#1543=VERTEX_POINT('',#2773);
#1544=VERTEX_POINT('',#2775);
#1545=VERTEX_POINT('',#2777);
#1546=VERTEX_POINT('',#2779);
#1547=VERTEX_POINT('',#2782);
#1548=VERTEX_POINT('',#2783);
#1549=VERTEX_POINT('',#2785);
#1550=VERTEX_POINT('',#2787);
#1551=VERTEX_POINT('',#2790);
#1552=VERTEX_POINT('',#2791);
#1553=VERTEX_POINT('',#2793);
#1554=VERTEX_POINT('',#2795);
#1555=VERTEX_POINT('',#2798);
#1556=VERTEX_POINT('',#2799);
#1557=VERTEX_POINT('',#2801);
#1558=VERTEX_POINT('',#2803);
#1559=VERTEX_POINT('',#2805);
#1560=VERTEX_POINT('',#2808);
#1561=VERTEX_POINT('',#2810);
#1562=VERTEX_POINT('',#2812);
#1563=VERTEX_POINT('',#2814);
#1564=VERTEX_POINT('',#2816);
#1565=VERTEX_POINT('',#2818);
#1566=VERTEX_POINT('',#2820);
#1567=VERTEX_POINT('',#2822);
#1568=VERTEX_POINT('',#2824);
#1569=VERTEX_POINT('',#2826);
#1570=VERTEX_POINT('',#2828);
#1571=VERTEX_POINT('',#2831);
#1572=VERTEX_POINT('',#2832);
#1573=VERTEX_POINT('',#2834);
#1574=VERTEX_POINT('',#2836);
#1575=VERTEX_POINT('',#2839);
#1576=VERTEX_POINT('',#2840);
#1577=VERTEX_POINT('',#2842);
#1578=VERTEX_POINT('',#2844);
#1579=VERTEX_POINT('',#2847);
#1580=VERTEX_POINT('',#2848);
#1581=VERTEX_POINT('',#2850);
#1582=VERTEX_POINT('',#2852);
#1583=VERTEX_POINT('',#2856);
#1584=VERTEX_POINT('',#2857);
#1585=VERTEX_POINT('',#2860);
#1586=VERTEX_POINT('',#2862);
#1587=VERTEX_POINT('',#2866);
#1588=VERTEX_POINT('',#2868);
#1589=VERTEX_POINT('',#2870);
#1590=VERTEX_POINT('',#2874);
#1591=VERTEX_POINT('',#2875);
#1592=VERTEX_POINT('',#2877);
#1593=VERTEX_POINT('',#2879);
#1594=VERTEX_POINT('',#2881);
#1595=VERTEX_POINT('',#2883);
#1596=VERTEX_POINT('',#2885);
#1597=VERTEX_POINT('',#2887);
#1598=VERTEX_POINT('',#2889);
#1599=VERTEX_POINT('',#2891);
#1600=VERTEX_POINT('',#2894);
#1601=VERTEX_POINT('',#2897);
#1602=VERTEX_POINT('',#2900);
#1603=VERTEX_POINT('',#2901);
#1604=VERTEX_POINT('',#2903);
#1605=VERTEX_POINT('',#2905);
#1606=VERTEX_POINT('',#2908);
#1607=VERTEX_POINT('',#2909);
#1608=VERTEX_POINT('',#2911);
#1609=VERTEX_POINT('',#2913);
#1610=VERTEX_POINT('',#2916);
#1611=VERTEX_POINT('',#2917);
#1612=VERTEX_POINT('',#2919);
#1613=VERTEX_POINT('',#2921);
#1614=VERTEX_POINT('',#2923);
#1615=VERTEX_POINT('',#2925);
#1616=VERTEX_POINT('',#2927);
#1617=VERTEX_POINT('',#2931);
#1618=VERTEX_POINT('',#2934);
#1619=VERTEX_POINT('',#2938);
#1620=VERTEX_POINT('',#2939);
#1621=VERTEX_POINT('',#2941);
#1622=VERTEX_POINT('',#2943);
#1623=VERTEX_POINT('',#2958);
#1624=VERTEX_POINT('',#2964);
#1625=VERTEX_POINT('',#2966);
#1626=VERTEX_POINT('',#2971);
#1627=VERTEX_POINT('',#2973);
#1628=VERTEX_POINT('',#2977);
#1629=VERTEX_POINT('',#2981);
#1630=VERTEX_POINT('',#2988);
#1631=VERTEX_POINT('',#2990);
#1632=VERTEX_POINT('',#2994);
#1633=VERTEX_POINT('',#2998);
#1634=VERTEX_POINT('',#3002);
#1635=VERTEX_POINT('',#3006);
#1636=VERTEX_POINT('',#3010);
#1637=VERTEX_POINT('',#3017);
#1638=VERTEX_POINT('',#3019);
#1639=VERTEX_POINT('',#3023);
#1640=VERTEX_POINT('',#3027);
#1641=VERTEX_POINT('',#3048);
#1642=VERTEX_POINT('',#3050);
#1643=VERTEX_POINT('',#3054);
#1644=VERTEX_POINT('',#3058);
#1645=VERTEX_POINT('',#3062);
#1646=VERTEX_POINT('',#3069);
#1647=VERTEX_POINT('',#3071);
#1648=VERTEX_POINT('',#3075);
#1649=VERTEX_POINT('',#3079);
#1650=VERTEX_POINT('',#3086);
#1651=VERTEX_POINT('',#3088);
#1652=VERTEX_POINT('',#3092);
#1653=VERTEX_POINT('',#3096);
#1654=VERTEX_POINT('',#3103);
#1655=VERTEX_POINT('',#3105);
#1656=VERTEX_POINT('',#3109);
#1657=VERTEX_POINT('',#3113);
#1658=VERTEX_POINT('',#3120);
#1659=VERTEX_POINT('',#3122);
#1660=VERTEX_POINT('',#3126);
#1661=VERTEX_POINT('',#3130);
#1662=VERTEX_POINT('',#3137);
#1663=VERTEX_POINT('',#3139);
#1664=VERTEX_POINT('',#3143);
#1665=VERTEX_POINT('',#3147);
#1666=VERTEX_POINT('',#3154);
#1667=VERTEX_POINT('',#3156);
#1668=VERTEX_POINT('',#3160);
#1669=VERTEX_POINT('',#3164);
#1670=VERTEX_POINT('',#3168);
#1671=VERTEX_POINT('',#3172);
#1672=VERTEX_POINT('',#3176);
#1673=VERTEX_POINT('',#3180);
#1674=VERTEX_POINT('',#3187);
#1675=VERTEX_POINT('',#3189);
#1676=VERTEX_POINT('',#3193);
#1677=VERTEX_POINT('',#3197);
#1678=VERTEX_POINT('',#3204);
#1679=VERTEX_POINT('',#3206);
#1680=VERTEX_POINT('',#3210);
#1681=VERTEX_POINT('',#3214);
#1682=VERTEX_POINT('',#3221);
#1683=VERTEX_POINT('',#3223);
#1684=VERTEX_POINT('',#3227);
#1685=VERTEX_POINT('',#3231);
#1686=VERTEX_POINT('',#3235);
#1687=VERTEX_POINT('',#3239);
#1688=VERTEX_POINT('',#3265);
#1689=VERTEX_POINT('',#3271);
#1690=VERTEX_POINT('',#3275);
#1691=VERTEX_POINT('',#3279);
#1692=VERTEX_POINT('',#3283);
#1693=VERTEX_POINT('',#3287);
#1694=VERTEX_POINT('',#3291);
#1695=VERTEX_POINT('',#3295);
#1696=VERTEX_POINT('',#3299);
#1697=ELLIPSE('',#2080,0.00282842712474619,0.002);
#1698=EDGE_LOOP('',(#670,#671,#672,#673));
#1699=EDGE_LOOP('',(#674,#675,#676,#677));
#1700=EDGE_LOOP('',(#678,#679,#680,#681,#682,#683,#684,#685,#686));
#1701=EDGE_LOOP('',(#687,#688,#689,#690,#691,#692));
#1702=EDGE_LOOP('',(#693,#694,#695,#696));
#1703=EDGE_LOOP('',(#697,#698,#699,#700));
#1704=EDGE_LOOP('',(#701,#702,#703,#704,#705,#706,#707,#708));
#1705=EDGE_LOOP('',(#709,#710,#711,#712));
#1706=EDGE_LOOP('',(#713,#714,#715,#716));
#1707=EDGE_LOOP('',(#717,#718,#719,#720,#721));
#1708=EDGE_LOOP('',(#722,#723,#724,#725,#726,#727,#728,#729,#730,#731,#732,
#733,#734,#735));
#1709=EDGE_LOOP('',(#736,#737,#738,#739));
#1710=EDGE_LOOP('',(#740,#741,#742,#743));
#1711=EDGE_LOOP('',(#744,#745,#746,#747));
#1712=EDGE_LOOP('',(#748,#749,#750,#751,#752,#753));
#1713=EDGE_LOOP('',(#754,#755,#756,#757,#758,#759));
#1714=EDGE_LOOP('',(#760,#761,#762,#763,#764,#765,#766,#767,#768,#769,#770,
#771,#772,#773,#774,#775));
#1715=EDGE_LOOP('',(#776,#777,#778,#779));
#1716=EDGE_LOOP('',(#780,#781,#782,#783));
#1717=EDGE_LOOP('',(#784,#785,#786,#787,#788,#789,#790));
#1718=EDGE_LOOP('',(#791,#792,#793,#794,#795,#796,#797));
#1719=EDGE_LOOP('',(#798,#799,#800,#801,#802,#803));
#1720=EDGE_LOOP('',(#804,#805,#806,#807,#808,#809,#810));
#1721=EDGE_LOOP('',(#811,#812,#813,#814));
#1722=EDGE_LOOP('',(#815,#816,#817,#818));
#1723=EDGE_LOOP('',(#819,#820,#821,#822));
#1724=EDGE_LOOP('',(#823,#824,#825,#826));
#1725=EDGE_LOOP('',(#827,#828,#829,#830));
#1726=EDGE_LOOP('',(#831,#832,#833,#834));
#1727=EDGE_LOOP('',(#835));
#1728=EDGE_LOOP('',(#836));
#1729=EDGE_LOOP('',(#837));
#1730=EDGE_LOOP('',(#838,#839,#840,#841));
#1731=EDGE_LOOP('',(#842));
#1732=EDGE_LOOP('',(#843,#844,#845,#846));
#1733=EDGE_LOOP('',(#847,#848,#849,#850));
#1734=EDGE_LOOP('',(#851,#852,#853,#854));
#1735=EDGE_LOOP('',(#855,#856,#857,#858));
#1736=EDGE_LOOP('',(#859,#860,#861,#862));
#1737=EDGE_LOOP('',(#863,#864,#865,#866));
#1738=EDGE_LOOP('',(#867,#868,#869,#870));
#1739=EDGE_LOOP('',(#871,#872,#873,#874));
#1740=EDGE_LOOP('',(#875,#876,#877,#878));
#1741=EDGE_LOOP('',(#879,#880,#881,#882));
#1742=EDGE_LOOP('',(#883,#884,#885,#886));
#1743=EDGE_LOOP('',(#887,#888,#889,#890));
#1744=EDGE_LOOP('',(#891,#892,#893,#894,#895,#896,#897));
#1745=EDGE_LOOP('',(#898,#899,#900,#901));
#1746=EDGE_LOOP('',(#902,#903,#904,#905));
#1747=EDGE_LOOP('',(#906,#907,#908,#909));
#1748=EDGE_LOOP('',(#910,#911,#912,#913));
#1749=EDGE_LOOP('',(#914,#915,#916,#917));
#1750=EDGE_LOOP('',(#918,#919,#920,#921));
#1751=EDGE_LOOP('',(#922,#923,#924,#925));
#1752=EDGE_LOOP('',(#926,#927,#928,#929));
#1753=EDGE_LOOP('',(#930,#931,#932,#933));
#1754=EDGE_LOOP('',(#934,#935,#936,#937));
#1755=EDGE_LOOP('',(#938,#939,#940,#941));
#1756=EDGE_LOOP('',(#942,#943,#944,#945));
#1757=EDGE_LOOP('',(#946,#947,#948,#949));
#1758=EDGE_LOOP('',(#950,#951,#952,#953));
#1759=EDGE_LOOP('',(#954,#955,#956,#957));
#1760=EDGE_LOOP('',(#958,#959,#960,#961));
#1761=EDGE_LOOP('',(#962,#963,#964,#965));
#1762=EDGE_LOOP('',(#966,#967,#968,#969));
#1763=EDGE_LOOP('',(#970,#971,#972,#973,#974));
#1764=EDGE_LOOP('',(#975,#976,#977,#978));
#1765=EDGE_LOOP('',(#979,#980,#981,#982));
#1766=EDGE_LOOP('',(#983,#984,#985,#986));
#1767=EDGE_LOOP('',(#987,#988,#989,#990));
#1768=EDGE_LOOP('',(#991,#992,#993,#994));
#1769=EDGE_LOOP('',(#995,#996,#997,#998));
#1770=EDGE_LOOP('',(#999,#1000,#1001,#1002));
#1771=EDGE_LOOP('',(#1003,#1004,#1005,#1006));
#1772=EDGE_LOOP('',(#1007,#1008,#1009,#1010));
#1773=EDGE_LOOP('',(#1011,#1012,#1013,#1014));
#1774=EDGE_LOOP('',(#1015,#1016,#1017,#1018));
#1775=EDGE_LOOP('',(#1019,#1020,#1021,#1022));
#1776=EDGE_LOOP('',(#1023,#1024,#1025,#1026));
#1777=EDGE_LOOP('',(#1027,#1028,#1029,#1030));
#1778=EDGE_LOOP('',(#1031,#1032,#1033,#1034));
#1779=EDGE_LOOP('',(#1035,#1036,#1037,#1038));
#1780=EDGE_LOOP('',(#1039,#1040,#1041,#1042));
#1781=EDGE_LOOP('',(#1043,#1044,#1045,#1046));
#1782=EDGE_LOOP('',(#1047,#1048,#1049,#1050));
#1783=EDGE_LOOP('',(#1051,#1052,#1053,#1054));
#1784=EDGE_LOOP('',(#1055,#1056,#1057,#1058));
#1785=EDGE_LOOP('',(#1059,#1060,#1061,#1062));
#1786=EDGE_LOOP('',(#1063,#1064,#1065,#1066));
#1787=EDGE_LOOP('',(#1067,#1068,#1069,#1070));
#1788=EDGE_LOOP('',(#1071,#1072,#1073,#1074));
#1789=EDGE_LOOP('',(#1075,#1076,#1077,#1078));
#1790=EDGE_LOOP('',(#1079,#1080,#1081,#1082));
#1791=EDGE_LOOP('',(#1083,#1084,#1085,#1086));
#1792=EDGE_LOOP('',(#1087,#1088,#1089,#1090));
#1793=EDGE_LOOP('',(#1091,#1092,#1093,#1094));
#1794=EDGE_LOOP('',(#1095,#1096,#1097,#1098));
#1795=EDGE_LOOP('',(#1099,#1100,#1101,#1102));
#1796=EDGE_LOOP('',(#1103,#1104,#1105,#1106));
#1797=EDGE_LOOP('',(#1107,#1108,#1109,#1110,#1111,#1112,#1113,#1114));
#1798=EDGE_LOOP('',(#1115,#1116,#1117,#1118));
#1799=EDGE_LOOP('',(#1119,#1120,#1121,#1122));
#1800=EDGE_LOOP('',(#1123,#1124,#1125,#1126));
#1801=EDGE_LOOP('',(#1127,#1128,#1129,#1130));
#1802=EDGE_LOOP('',(#1131,#1132,#1133,#1134));
#1803=EDGE_LOOP('',(#1135,#1136,#1137,#1138));
#1804=EDGE_LOOP('',(#1139,#1140,#1141,#1142));
#1805=EDGE_LOOP('',(#1143,#1144,#1145,#1146));
#1806=EDGE_LOOP('',(#1147,#1148,#1149,#1150));
#1807=EDGE_LOOP('',(#1151,#1152,#1153,#1154));
#1808=EDGE_LOOP('',(#1155,#1156,#1157,#1158));
#1809=EDGE_LOOP('',(#1159,#1160,#1161,#1162));
#1810=EDGE_LOOP('',(#1163,#1164,#1165,#1166));
#1811=EDGE_LOOP('',(#1167,#1168,#1169,#1170));
#1812=EDGE_LOOP('',(#1171,#1172,#1173,#1174));
#1813=EDGE_LOOP('',(#1175,#1176,#1177,#1178));
#1814=EDGE_LOOP('',(#1179,#1180,#1181,#1182,#1183,#1184));
#1815=EDGE_LOOP('',(#1185,#1186,#1187,#1188));
#1816=EDGE_LOOP('',(#1189,#1190,#1191,#1192));
#1817=EDGE_LOOP('',(#1193,#1194,#1195,#1196));
#1818=EDGE_LOOP('',(#1197,#1198,#1199,#1200));
#1819=EDGE_LOOP('',(#1201,#1202,#1203,#1204));
#1820=EDGE_LOOP('',(#1205,#1206,#1207,#1208));
#1821=EDGE_LOOP('',(#1209,#1210,#1211,#1212));
#1822=EDGE_LOOP('',(#1213,#1214,#1215,#1216));
#1823=EDGE_LOOP('',(#1217,#1218,#1219,#1220));
#1824=EDGE_LOOP('',(#1221,#1222,#1223,#1224,#1225,#1226,#1227,#1228,#1229));
#1825=FACE_BOUND('',#1698,.T.);
#1826=FACE_BOUND('',#1699,.T.);
#1827=FACE_BOUND('',#1700,.T.);
#1828=FACE_BOUND('',#1701,.T.);
#1829=FACE_BOUND('',#1702,.T.);
#1830=FACE_BOUND('',#1703,.T.);
#1831=FACE_BOUND('',#1704,.T.);
#1832=FACE_BOUND('',#1705,.T.);
#1833=FACE_BOUND('',#1706,.T.);
#1834=FACE_BOUND('',#1707,.T.);
#1835=FACE_BOUND('',#1708,.T.);
#1836=FACE_BOUND('',#1709,.T.);
#1837=FACE_BOUND('',#1710,.T.);
#1838=FACE_BOUND('',#1711,.T.);
#1839=FACE_BOUND('',#1712,.T.);
#1840=FACE_BOUND('',#1713,.T.);
#1841=FACE_BOUND('',#1714,.T.);
#1842=FACE_BOUND('',#1715,.T.);
#1843=FACE_BOUND('',#1716,.T.);
#1844=FACE_BOUND('',#1717,.T.);
#1845=FACE_BOUND('',#1718,.T.);
#1846=FACE_BOUND('',#1719,.T.);
#1847=FACE_BOUND('',#1720,.T.);
#1848=FACE_BOUND('',#1721,.T.);
#1849=FACE_BOUND('',#1722,.T.);
#1850=FACE_BOUND('',#1723,.T.);
#1851=FACE_BOUND('',#1724,.T.);
#1852=FACE_BOUND('',#1725,.T.);
#1853=FACE_BOUND('',#1726,.T.);
#1854=FACE_BOUND('',#1727,.T.);
#1855=FACE_BOUND('',#1728,.T.);
#1856=FACE_BOUND('',#1729,.T.);
#1857=FACE_BOUND('',#1730,.T.);
#1858=FACE_BOUND('',#1731,.T.);
#1859=FACE_BOUND('',#1732,.T.);
#1860=FACE_BOUND('',#1733,.T.);
#1861=FACE_BOUND('',#1734,.T.);
#1862=FACE_BOUND('',#1735,.T.);
#1863=FACE_BOUND('',#1736,.T.);
#1864=FACE_BOUND('',#1737,.T.);
#1865=FACE_BOUND('',#1738,.T.);
#1866=FACE_BOUND('',#1739,.T.);
#1867=FACE_BOUND('',#1740,.T.);
#1868=FACE_BOUND('',#1741,.T.);
#1869=FACE_BOUND('',#1742,.T.);
#1870=FACE_BOUND('',#1743,.T.);
#1871=FACE_BOUND('',#1744,.T.);
#1872=FACE_BOUND('',#1745,.T.);
#1873=FACE_BOUND('',#1746,.T.);
#1874=FACE_BOUND('',#1747,.T.);
#1875=FACE_BOUND('',#1748,.T.);
#1876=FACE_BOUND('',#1749,.T.);
#1877=FACE_BOUND('',#1750,.T.);
#1878=FACE_BOUND('',#1751,.T.);
#1879=FACE_BOUND('',#1752,.T.);
#1880=FACE_BOUND('',#1753,.T.);
#1881=FACE_BOUND('',#1754,.T.);
#1882=FACE_BOUND('',#1755,.T.);
#1883=FACE_BOUND('',#1756,.T.);
#1884=FACE_BOUND('',#1757,.T.);
#1885=FACE_BOUND('',#1758,.T.);
#1886=FACE_BOUND('',#1759,.T.);
#1887=FACE_BOUND('',#1760,.T.);
#1888=FACE_BOUND('',#1761,.T.);
#1889=FACE_BOUND('',#1762,.T.);
#1890=FACE_BOUND('',#1763,.T.);
#1891=FACE_BOUND('',#1764,.T.);
#1892=FACE_BOUND('',#1765,.T.);
#1893=FACE_BOUND('',#1766,.T.);
#1894=FACE_BOUND('',#1767,.T.);
#1895=FACE_BOUND('',#1768,.T.);
#1896=FACE_BOUND('',#1769,.T.);
#1897=FACE_BOUND('',#1770,.T.);
#1898=FACE_BOUND('',#1771,.T.);
#1899=FACE_BOUND('',#1772,.T.);
#1900=FACE_BOUND('',#1773,.T.);
#1901=FACE_BOUND('',#1774,.T.);
#1902=FACE_BOUND('',#1775,.T.);
#1903=FACE_BOUND('',#1776,.T.);
#1904=FACE_BOUND('',#1777,.T.);
#1905=FACE_BOUND('',#1778,.T.);
#1906=FACE_BOUND('',#1779,.T.);
#1907=FACE_BOUND('',#1780,.T.);
#1908=FACE_BOUND('',#1781,.T.);
#1909=FACE_BOUND('',#1782,.T.);
#1910=FACE_BOUND('',#1783,.T.);
#1911=FACE_BOUND('',#1784,.T.);
#1912=FACE_BOUND('',#1785,.T.);
#1913=FACE_BOUND('',#1786,.T.);
#1914=FACE_BOUND('',#1787,.T.);
#1915=FACE_BOUND('',#1788,.T.);
#1916=FACE_BOUND('',#1789,.T.);
#1917=FACE_BOUND('',#1790,.T.);
#1918=FACE_BOUND('',#1791,.T.);
#1919=FACE_BOUND('',#1792,.T.);
#1920=FACE_BOUND('',#1793,.T.);
#1921=FACE_BOUND('',#1794,.T.);
#1922=FACE_BOUND('',#1795,.T.);
#1923=FACE_BOUND('',#1796,.T.);
#1924=FACE_BOUND('',#1797,.T.);
#1925=FACE_BOUND('',#1798,.T.);
#1926=FACE_BOUND('',#1799,.T.);
#1927=FACE_BOUND('',#1800,.T.);
#1928=FACE_BOUND('',#1801,.T.);
#1929=FACE_BOUND('',#1802,.T.);
#1930=FACE_BOUND('',#1803,.T.);
#1931=FACE_BOUND('',#1804,.T.);
#1932=FACE_BOUND('',#1805,.T.);
#1933=FACE_BOUND('',#1806,.T.);
#1934=FACE_BOUND('',#1807,.T.);
#1935=FACE_BOUND('',#1808,.T.);
#1936=FACE_BOUND('',#1809,.T.);
#1937=FACE_BOUND('',#1810,.T.);
#1938=FACE_BOUND('',#1811,.T.);
#1939=FACE_BOUND('',#1812,.T.);
#1940=FACE_BOUND('',#1813,.T.);
#1941=FACE_BOUND('',#1814,.T.);
#1942=FACE_BOUND('',#1815,.T.);
#1943=FACE_BOUND('',#1816,.T.);
#1944=FACE_BOUND('',#1817,.T.);
#1945=FACE_BOUND('',#1818,.T.);
#1946=FACE_BOUND('',#1819,.T.);
#1947=FACE_BOUND('',#1820,.T.);
#1948=FACE_BOUND('',#1821,.T.);
#1949=FACE_BOUND('',#1822,.T.);
#1950=FACE_BOUND('',#1823,.T.);
#1951=FACE_BOUND('',#1824,.T.);
#1952=CYLINDRICAL_SURFACE('',#2079,0.002);
#1953=CYLINDRICAL_SURFACE('',#2082,0.002);
#1954=CYLINDRICAL_SURFACE('',#2097,0.00515);
#1955=ADVANCED_FACE('',(#1825),#1952,.T.);
#1956=ADVANCED_FACE('',(#1826),#1953,.T.);
#1957=ADVANCED_FACE('',(#1827,#1828,#1829,#1830,#1831,#1832,#1833,#1834,
#1835,#1836,#1837,#1838),#18,.F.);
#1958=ADVANCED_FACE('',(#1839),#19,.T.);
#1959=ADVANCED_FACE('',(#1840),#20,.F.);
#1960=ADVANCED_FACE('',(#1841,#1842,#1843,#1844),#21,.T.);
#1961=ADVANCED_FACE('',(#1845),#22,.T.);
#1962=ADVANCED_FACE('',(#1846),#23,.T.);
#1963=ADVANCED_FACE('',(#1847),#24,.F.);
#1964=ADVANCED_FACE('',(#1848),#25,.T.);
#1965=ADVANCED_FACE('',(#1849),#26,.T.);
#1966=ADVANCED_FACE('',(#1850),#27,.F.);
#1967=ADVANCED_FACE('',(#1851),#28,.F.);
#1968=ADVANCED_FACE('',(#1852),#29,.F.);
#1969=ADVANCED_FACE('',(#1853),#30,.T.);
#1970=ADVANCED_FACE('',(#1854,#1855),#1954,.F.);
#1971=ADVANCED_FACE('',(#1856,#1857),#31,.T.);
#1972=ADVANCED_FACE('',(#1858),#32,.T.);
#1973=ADVANCED_FACE('',(#1859),#33,.T.);
#1974=ADVANCED_FACE('',(#1860),#34,.F.);
#1975=ADVANCED_FACE('',(#1861),#35,.F.);
#1976=ADVANCED_FACE('',(#1862),#36,.T.);
#1977=ADVANCED_FACE('',(#1863),#37,.T.);
#1978=ADVANCED_FACE('',(#1864),#38,.F.);
#1979=ADVANCED_FACE('',(#1865),#39,.T.);
#1980=ADVANCED_FACE('',(#1866),#40,.T.);
#1981=ADVANCED_FACE('',(#1867),#41,.T.);
#1982=ADVANCED_FACE('',(#1868),#42,.T.);
#1983=ADVANCED_FACE('',(#1869),#43,.T.);
#1984=ADVANCED_FACE('',(#1870),#44,.T.);
#1985=ADVANCED_FACE('',(#1871),#45,.T.);
#1986=ADVANCED_FACE('',(#1872),#46,.T.);
#1987=ADVANCED_FACE('',(#1873),#47,.F.);
#1988=ADVANCED_FACE('',(#1874),#48,.F.);
#1989=ADVANCED_FACE('',(#1875),#49,.T.);
#1990=ADVANCED_FACE('',(#1876),#50,.T.);
#1991=ADVANCED_FACE('',(#1877),#51,.F.);
#1992=ADVANCED_FACE('',(#1878),#52,.T.);
#1993=ADVANCED_FACE('',(#1879),#53,.T.);
#1994=ADVANCED_FACE('',(#1880),#54,.T.);
#1995=ADVANCED_FACE('',(#1881),#55,.F.);
#1996=ADVANCED_FACE('',(#1882),#56,.F.);
#1997=ADVANCED_FACE('',(#1883),#57,.F.);
#1998=ADVANCED_FACE('',(#1884),#58,.T.);
#1999=ADVANCED_FACE('',(#1885),#59,.F.);
#2000=ADVANCED_FACE('',(#1886),#60,.F.);
#2001=ADVANCED_FACE('',(#1887),#61,.F.);
#2002=ADVANCED_FACE('',(#1888),#62,.F.);
#2003=ADVANCED_FACE('',(#1889),#63,.F.);
#2004=ADVANCED_FACE('',(#1890),#64,.F.);
#2005=ADVANCED_FACE('',(#1891),#65,.T.);
#2006=ADVANCED_FACE('',(#1892),#66,.T.);
#2007=ADVANCED_FACE('',(#1893),#67,.T.);
#2008=ADVANCED_FACE('',(#1894),#68,.T.);
#2009=ADVANCED_FACE('',(#1895),#69,.F.);
#2010=ADVANCED_FACE('',(#1896),#70,.F.);
#2011=ADVANCED_FACE('',(#1897),#71,.F.);
#2012=ADVANCED_FACE('',(#1898),#72,.F.);
#2013=ADVANCED_FACE('',(#1899),#73,.F.);
#2014=ADVANCED_FACE('',(#1900),#74,.F.);
#2015=ADVANCED_FACE('',(#1901),#75,.F.);
#2016=ADVANCED_FACE('',(#1902),#76,.F.);
#2017=ADVANCED_FACE('',(#1903),#77,.F.);
#2018=ADVANCED_FACE('',(#1904),#78,.F.);
#2019=ADVANCED_FACE('',(#1905),#79,.F.);
#2020=ADVANCED_FACE('',(#1906),#80,.T.);
#2021=ADVANCED_FACE('',(#1907),#81,.T.);
#2022=ADVANCED_FACE('',(#1908),#82,.T.);
#2023=ADVANCED_FACE('',(#1909),#83,.T.);
#2024=ADVANCED_FACE('',(#1910),#84,.F.);
#2025=ADVANCED_FACE('',(#1911),#85,.F.);
#2026=ADVANCED_FACE('',(#1912),#86,.F.);
#2027=ADVANCED_FACE('',(#1913),#87,.F.);
#2028=ADVANCED_FACE('',(#1914),#88,.F.);
#2029=ADVANCED_FACE('',(#1915),#89,.F.);
#2030=ADVANCED_FACE('',(#1916),#90,.F.);
#2031=ADVANCED_FACE('',(#1917),#91,.T.);
#2032=ADVANCED_FACE('',(#1918),#92,.T.);
#2033=ADVANCED_FACE('',(#1919),#93,.T.);
#2034=ADVANCED_FACE('',(#1920),#94,.F.);
#2035=ADVANCED_FACE('',(#1921),#95,.F.);
#2036=ADVANCED_FACE('',(#1922),#96,.F.);
#2037=ADVANCED_FACE('',(#1923),#97,.F.);
#2038=ADVANCED_FACE('',(#1924),#98,.F.);
#2039=ADVANCED_FACE('',(#1925),#99,.F.);
#2040=ADVANCED_FACE('',(#1926),#100,.F.);
#2041=ADVANCED_FACE('',(#1927),#101,.F.);
#2042=ADVANCED_FACE('',(#1928),#102,.F.);
#2043=ADVANCED_FACE('',(#1929),#103,.F.);
#2044=ADVANCED_FACE('',(#1930),#104,.F.);
#2045=ADVANCED_FACE('',(#1931),#105,.F.);
#2046=ADVANCED_FACE('',(#1932),#106,.F.);
#2047=ADVANCED_FACE('',(#1933),#107,.F.);
#2048=ADVANCED_FACE('',(#1934),#108,.F.);
#2049=ADVANCED_FACE('',(#1935),#109,.F.);
#2050=ADVANCED_FACE('',(#1936),#110,.T.);
#2051=ADVANCED_FACE('',(#1937),#111,.T.);
#2052=ADVANCED_FACE('',(#1938),#112,.F.);
#2053=ADVANCED_FACE('',(#1939),#113,.F.);
#2054=ADVANCED_FACE('',(#1940),#114,.F.);
#2055=ADVANCED_FACE('',(#1941),#115,.F.);
#2056=ADVANCED_FACE('',(#1942),#12,.F.);
#2057=ADVANCED_FACE('',(#1943),#116,.F.);
#2058=ADVANCED_FACE('',(#1944),#117,.F.);
#2059=ADVANCED_FACE('',(#1945),#118,.F.);
#2060=ADVANCED_FACE('',(#1946),#119,.T.);
#2061=ADVANCED_FACE('',(#1947),#120,.T.);
#2062=ADVANCED_FACE('',(#1948),#121,.T.);
#2063=ADVANCED_FACE('',(#1949),#122,.T.);
#2064=ADVANCED_FACE('',(#1950),#13,.T.);
#2065=ADVANCED_FACE('',(#1951),#123,.F.);
#2066=CLOSED_SHELL('',(#1955,#1956,#1957,#1958,#1959,#1960,#1961,#1962,
#1963,#1964,#1965,#1966,#1967,#1968,#1969,#1970,#1971,#1972,#1973,#1974,
#1975,#1976,#1977,#1978,#1979,#1980,#1981,#1982,#1983,#1984,#1985,#1986,
#1987,#1988,#1989,#1990,#1991,#1992,#1993,#1994,#1995,#1996,#1997,#1998,
#1999,#2000,#2001,#2002,#2003,#2004,#2005,#2006,#2007,#2008,#2009,#2010,
#2011,#2012,#2013,#2014,#2015,#2016,#2017,#2018,#2019,#2020,#2021,#2022,
#2023,#2024,#2025,#2026,#2027,#2028,#2029,#2030,#2031,#2032,#2033,#2034,
#2035,#2036,#2037,#2038,#2039,#2040,#2041,#2042,#2043,#2044,#2045,#2046,
#2047,#2048,#2049,#2050,#2051,#2052,#2053,#2054,#2055,#2056,#2057,#2058,
#2059,#2060,#2061,#2062,#2063,#2064,#2065));
#2067=STYLED_ITEM('',(#2068),#2075);
#2068=PRESENTATION_STYLE_ASSIGNMENT((#2069));
#2069=SURFACE_STYLE_USAGE(.BOTH.,#2070);
#2070=SURFACE_SIDE_STYLE('',(#2071));
#2071=SURFACE_STYLE_FILL_AREA(#2072);
#2072=FILL_AREA_STYLE('',(#2073));
#2073=FILL_AREA_STYLE_COLOUR('',#2074);
#2074=COLOUR_RGB('',0.615686274509804,0.811764705882353,0.929411764705882);
#2075=MANIFOLD_SOLID_BREP('TMat5O',#2066);
#2076=SHAPE_DEFINITION_REPRESENTATION(#3323,#2077);
#2077=SHAPE_REPRESENTATION('TMat5O',(#2078),#3318);
#2078=AXIS2_PLACEMENT_3D('',#2694,#2193,#2194);
#2079=AXIS2_PLACEMENT_3D('',#2695,#2195,#2196);
#2080=AXIS2_PLACEMENT_3D('',#2696,#2197,#2198);
#2081=AXIS2_PLACEMENT_3D('',#2701,#2200,#2201);
#2082=AXIS2_PLACEMENT_3D('',#2704,#2203,#2204);
#2083=AXIS2_PLACEMENT_3D('',#2709,#2207,#2208);
#2084=AXIS2_PLACEMENT_3D('',#2710,#2209,#2210);
#2085=AXIS2_PLACEMENT_3D('',#2854,#2277,#2278);
#2086=AXIS2_PLACEMENT_3D('',#2864,#2284,#2285);
#2087=AXIS2_PLACEMENT_3D('',#2872,#2290,#2291);
#2088=AXIS2_PLACEMENT_3D('',#2929,#2321,#2322);
#2089=AXIS2_PLACEMENT_3D('',#2936,#2327,#2328);
#2090=AXIS2_PLACEMENT_3D('',#2946,#2334,#2335);
#2091=AXIS2_PLACEMENT_3D('',#2950,#2339,#2340);
#2092=AXIS2_PLACEMENT_3D('',#2952,#2342,#2343);
#2093=AXIS2_PLACEMENT_3D('',#2953,#2344,#2345);
#2094=AXIS2_PLACEMENT_3D('',#2955,#2347,#2348);
#2095=AXIS2_PLACEMENT_3D('',#2956,#2349,#2350);
#2096=AXIS2_PLACEMENT_3D('',#2960,#2353,#2354);
#2097=AXIS2_PLACEMENT_3D('',#2962,#2356,#2357);
#2098=AXIS2_PLACEMENT_3D('',#2963,#2358,#2359);
#2099=AXIS2_PLACEMENT_3D('',#2965,#2360,#2361);
#2100=AXIS2_PLACEMENT_3D('',#2967,#2362,#2363);
#2101=AXIS2_PLACEMENT_3D('',#2968,#2364,#2365);
#2102=AXIS2_PLACEMENT_3D('',#2969,#2366,#2367);
#2103=AXIS2_PLACEMENT_3D('',#2975,#2371,#2372);
#2104=AXIS2_PLACEMENT_3D('',#2979,#2375,#2376);
#2105=AXIS2_PLACEMENT_3D('',#2983,#2379,#2380);
#2106=AXIS2_PLACEMENT_3D('',#2985,#2382,#2383);
#2107=AXIS2_PLACEMENT_3D('',#2986,#2384,#2385);
#2108=AXIS2_PLACEMENT_3D('',#2992,#2389,#2390);
#2109=AXIS2_PLACEMENT_3D('',#2996,#2393,#2394);
#2110=AXIS2_PLACEMENT_3D('',#3000,#2397,#2398);
#2111=AXIS2_PLACEMENT_3D('',#3004,#2401,#2402);
#2112=AXIS2_PLACEMENT_3D('',#3008,#2405,#2406);
#2113=AXIS2_PLACEMENT_3D('',#3012,#2409,#2410);
#2114=AXIS2_PLACEMENT_3D('',#3014,#2412,#2413);
#2115=AXIS2_PLACEMENT_3D('',#3015,#2414,#2415);
#2116=AXIS2_PLACEMENT_3D('',#3021,#2419,#2420);
#2117=AXIS2_PLACEMENT_3D('',#3025,#2423,#2424);
#2118=AXIS2_PLACEMENT_3D('',#3029,#2427,#2428);
#2119=AXIS2_PLACEMENT_3D('',#3031,#2430,#2431);
#2120=AXIS2_PLACEMENT_3D('',#3032,#2432,#2433);
#2121=AXIS2_PLACEMENT_3D('',#3034,#2435,#2436);
#2122=AXIS2_PLACEMENT_3D('',#3036,#2438,#2439);
#2123=AXIS2_PLACEMENT_3D('',#3038,#2441,#2442);
#2124=AXIS2_PLACEMENT_3D('',#3040,#2444,#2445);
#2125=AXIS2_PLACEMENT_3D('',#3041,#2446,#2447);
#2126=AXIS2_PLACEMENT_3D('',#3043,#2449,#2450);
#2127=AXIS2_PLACEMENT_3D('',#3045,#2452,#2453);
#2128=AXIS2_PLACEMENT_3D('',#3046,#2454,#2455);
#2129=AXIS2_PLACEMENT_3D('',#3052,#2459,#2460);
#2130=AXIS2_PLACEMENT_3D('',#3056,#2463,#2464);
#2131=AXIS2_PLACEMENT_3D('',#3060,#2467,#2468);
#2132=AXIS2_PLACEMENT_3D('',#3064,#2471,#2472);
#2133=AXIS2_PLACEMENT_3D('',#3066,#2474,#2475);
#2134=AXIS2_PLACEMENT_3D('',#3067,#2476,#2477);
#2135=AXIS2_PLACEMENT_3D('',#3073,#2481,#2482);
#2136=AXIS2_PLACEMENT_3D('',#3077,#2485,#2486);
#2137=AXIS2_PLACEMENT_3D('',#3081,#2489,#2490);
#2138=AXIS2_PLACEMENT_3D('',#3083,#2492,#2493);
#2139=AXIS2_PLACEMENT_3D('',#3084,#2494,#2495);
#2140=AXIS2_PLACEMENT_3D('',#3090,#2499,#2500);
#2141=AXIS2_PLACEMENT_3D('',#3094,#2503,#2504);
#2142=AXIS2_PLACEMENT_3D('',#3098,#2507,#2508);
#2143=AXIS2_PLACEMENT_3D('',#3100,#2510,#2511);
#2144=AXIS2_PLACEMENT_3D('',#3101,#2512,#2513);
#2145=AXIS2_PLACEMENT_3D('',#3107,#2517,#2518);
#2146=AXIS2_PLACEMENT_3D('',#3111,#2521,#2522);
#2147=AXIS2_PLACEMENT_3D('',#3115,#2525,#2526);
#2148=AXIS2_PLACEMENT_3D('',#3117,#2528,#2529);
#2149=AXIS2_PLACEMENT_3D('',#3118,#2530,#2531);
#2150=AXIS2_PLACEMENT_3D('',#3124,#2535,#2536);
#2151=AXIS2_PLACEMENT_3D('',#3128,#2539,#2540);
#2152=AXIS2_PLACEMENT_3D('',#3132,#2543,#2544);
#2153=AXIS2_PLACEMENT_3D('',#3134,#2546,#2547);
#2154=AXIS2_PLACEMENT_3D('',#3135,#2548,#2549);
#2155=AXIS2_PLACEMENT_3D('',#3141,#2553,#2554);
#2156=AXIS2_PLACEMENT_3D('',#3145,#2557,#2558);
#2157=AXIS2_PLACEMENT_3D('',#3149,#2561,#2562);
#2158=AXIS2_PLACEMENT_3D('',#3151,#2564,#2565);
#2159=AXIS2_PLACEMENT_3D('',#3152,#2566,#2567);
#2160=AXIS2_PLACEMENT_3D('',#3158,#2571,#2572);
#2161=AXIS2_PLACEMENT_3D('',#3162,#2575,#2576);
#2162=AXIS2_PLACEMENT_3D('',#3166,#2579,#2580);
#2163=AXIS2_PLACEMENT_3D('',#3170,#2583,#2584);
#2164=AXIS2_PLACEMENT_3D('',#3174,#2587,#2588);
#2165=AXIS2_PLACEMENT_3D('',#3178,#2591,#2592);
#2166=AXIS2_PLACEMENT_3D('',#3182,#2595,#2596);
#2167=AXIS2_PLACEMENT_3D('',#3184,#2598,#2599);
#2168=AXIS2_PLACEMENT_3D('',#3185,#2600,#2601);
#2169=AXIS2_PLACEMENT_3D('',#3191,#2605,#2606);
#2170=AXIS2_PLACEMENT_3D('',#3195,#2609,#2610);
#2171=AXIS2_PLACEMENT_3D('',#3199,#2613,#2614);
#2172=AXIS2_PLACEMENT_3D('',#3201,#2616,#2617);
#2173=AXIS2_PLACEMENT_3D('',#3202,#2618,#2619);
#2174=AXIS2_PLACEMENT_3D('',#3208,#2623,#2624);
#2175=AXIS2_PLACEMENT_3D('',#3212,#2627,#2628);
#2176=AXIS2_PLACEMENT_3D('',#3216,#2631,#2632);
#2177=AXIS2_PLACEMENT_3D('',#3218,#2634,#2635);
#2178=AXIS2_PLACEMENT_3D('',#3219,#2636,#2637);
#2179=AXIS2_PLACEMENT_3D('',#3225,#2641,#2642);
#2180=AXIS2_PLACEMENT_3D('',#3229,#2645,#2646);
#2181=AXIS2_PLACEMENT_3D('',#3233,#2649,#2650);
#2182=AXIS2_PLACEMENT_3D('',#3237,#2653,#2654);
#2183=AXIS2_PLACEMENT_3D('',#3241,#2657,#2658);
#2184=AXIS2_PLACEMENT_3D('',#3243,#2660,#2661);
#2185=AXIS2_PLACEMENT_3D('',#3273,#2664,#2665);
#2186=AXIS2_PLACEMENT_3D('',#3277,#2668,#2669);
#2187=AXIS2_PLACEMENT_3D('',#3281,#2672,#2673);
#2188=AXIS2_PLACEMENT_3D('',#3285,#2676,#2677);
#2189=AXIS2_PLACEMENT_3D('',#3289,#2680,#2681);
#2190=AXIS2_PLACEMENT_3D('',#3293,#2684,#2685);
#2191=AXIS2_PLACEMENT_3D('',#3297,#2688,#2689);
#2192=AXIS2_PLACEMENT_3D('',#3316,#2692,#2693);
#2193=DIRECTION('',(0.,0.,1.));
#2194=DIRECTION('',(1.,0.,0.));
#2195=DIRECTION('',(0.,1.,0.));
#2196=DIRECTION('',(0.,0.,1.));
#2197=DIRECTION('',(0.707106781186548,0.707106781186548,0.));
#2198=DIRECTION('',(0.707106781186548,-0.707106781186548,0.));
#2199=DIRECTION('',(0.,-1.,0.));
#2200=DIRECTION('',(0.,1.,0.));
#2201=DIRECTION('',(0.,0.,1.));
#2202=DIRECTION('',(0.,-1.,0.));
#2203=DIRECTION('',(1.,1.38777878078145E-16,0.));
#2204=DIRECTION('',(-1.38777878078145E-16,1.,0.));
#2205=DIRECTION('',(-1.,-1.38777878078145E-16,0.));
#2206=DIRECTION('',(-1.,-1.38777878078145E-16,0.));
#2207=DIRECTION('',(1.,0.,0.));
#2208=DIRECTION('',(0.,0.,-1.));
#2209=DIRECTION('',(0.,0.,1.));
#2210=DIRECTION('',(1.,0.,0.));
#2211=DIRECTION('',(-1.,0.,0.));
#2212=DIRECTION('',(-0.804431195070419,-0.594045833583215,0.));
#2213=DIRECTION('',(0.749187849301919,-0.662357582019233,0.));
#2214=DIRECTION('',(0.,-1.,0.));
#2215=DIRECTION('',(0.729866508431999,-0.683589701406686,0.));
#2216=DIRECTION('',(-0.755125429958679,-0.655580342162363,0.));
#2217=DIRECTION('',(-0.905986374052296,-0.423306850914999,0.));
#2218=DIRECTION('',(-0.826795056975372,-0.562503274444773,0.));
#2219=DIRECTION('',(0.,-1.,0.));
#2220=DIRECTION('',(-0.826795056975371,-0.562503274444775,0.));
#2221=DIRECTION('',(0.67124817957273,-0.741232676978219,0.));
#2222=DIRECTION('',(0.00628684072359784,-0.999980237621582,0.));
#2223=DIRECTION('',(0.671248179572731,-0.741232676978218,0.));
#2224=DIRECTION('',(-0.990068771538334,0.140583881097993,0.));
#2225=DIRECTION('',(0.,-1.,0.));
#2226=DIRECTION('',(1.,0.,0.));
#2227=DIRECTION('',(0.,1.,0.));
#2228=DIRECTION('',(-0.865290413358689,0.50127088539985,0.));
#2229=DIRECTION('',(-0.347221693585765,-0.937783074865095,0.));
#2230=DIRECTION('',(0.828901865005191,-0.559394045544744,0.));
#2231=DIRECTION('',(0.350575198628829,0.936534585643454,0.));
#2232=DIRECTION('',(-0.485077396146314,-0.874471222938704,0.));
#2233=DIRECTION('',(0.804385360132645,-0.594107896264875,0.));
#2234=DIRECTION('',(-0.397803224125491,-0.917470759684125,0.));
#2235=DIRECTION('',(-0.804385360132647,0.594107896264872,0.));
#2236=DIRECTION('',(-0.776844451791735,-0.629692542214372,0.));
#2237=DIRECTION('',(-0.795656780208032,0.605747709949437,0.));
#2238=DIRECTION('',(0.372518173332985,0.928024897584465,0.));
#2239=DIRECTION('',(-0.874471222938704,0.485077396146313,0.));
#2240=DIRECTION('',(-0.916457165572285,0.400132807541714,0.));
#2241=DIRECTION('',(-0.400132807541715,-0.916457165572284,0.));
#2242=DIRECTION('',(0.678181024253693,-0.734894889315616,0.));
#2243=DIRECTION('',(0.400132807541712,0.916457165572285,0.));
#2244=DIRECTION('',(-0.417338365834859,0.908751169684139,0.));
#2245=DIRECTION('',(-0.888020307557717,-0.459804233739858,0.));
#2246=DIRECTION('',(0.459804233739857,-0.888020307557717,0.));
#2247=DIRECTION('',(0.888020307557716,0.45980423373986,0.));
#2248=DIRECTION('',(-0.892699988621258,-0.450651451030179,0.));
#2249=DIRECTION('',(0.450651451030178,-0.892699988621259,0.));
#2250=DIRECTION('',(0.421689965697562,-0.906740080083587,0.));
#2251=DIRECTION('',(0.892699988621258,0.450651451030179,0.));
#2252=DIRECTION('',(-0.450651451030176,0.89269998862126,0.));
#2253=DIRECTION('',(1.,0.,0.));
#2254=DIRECTION('',(0.,-1.,0.));
#2255=DIRECTION('',(-1.,-3.46944695195362E-16,0.));
#2256=DIRECTION('',(0.,-1.,0.));
#2257=DIRECTION('',(-1.,-3.46944695195362E-16,0.));
#2258=DIRECTION('',(0.,-1.,0.));
#2259=DIRECTION('',(1.,0.,0.));
#2260=DIRECTION('',(3.32402103181185E-16,-1.,0.));
#2261=DIRECTION('',(-1.,0.,0.));
#2262=DIRECTION('',(0.,-1.,0.));
#2263=DIRECTION('',(-1.,0.,0.));
#2264=DIRECTION('',(3.22739251344522E-16,-1.,0.));
#2265=DIRECTION('',(-0.888020307557716,-0.45980423373986,0.));
#2266=DIRECTION('',(0.459804233739858,-0.888020307557717,0.));
#2267=DIRECTION('',(0.908560785268899,0.417752677396041,0.));
#2268=DIRECTION('',(-0.459804233739858,0.888020307557717,0.));
#2269=DIRECTION('',(-0.888020307557719,-0.459804233739854,0.));
#2270=DIRECTION('',(0.459804233739863,-0.888020307557714,0.));
#2271=DIRECTION('',(0.886546828615267,0.462638866365779,0.));
#2272=DIRECTION('',(-0.459804233739857,0.888020307557718,0.));
#2273=DIRECTION('',(-0.449400342136013,0.893330472159119,0.));
#2274=DIRECTION('',(-0.888020307557718,-0.459804233739857,0.));
#2275=DIRECTION('',(0.459804233739861,-0.888020307557715,0.));
#2276=DIRECTION('',(0.888020307557717,0.459804233739857,0.));
#2277=DIRECTION('',(0.,1.,0.));
#2278=DIRECTION('',(0.,0.,1.));
#2279=DIRECTION('',(1.,0.,0.));
#2280=DIRECTION('',(0.,0.,-1.));
#2281=DIRECTION('',(0.,0.,-1.));
#2282=DIRECTION('',(1.,0.,0.));
#2283=DIRECTION('',(0.,0.,-1.));
#2284=DIRECTION('',(1.,0.,0.));
#2285=DIRECTION('',(0.,0.,-1.));
#2286=DIRECTION('',(0.,0.,-1.));
#2287=DIRECTION('',(0.,-1.,0.));
#2288=DIRECTION('',(0.,0.,-1.));
#2289=DIRECTION('',(4.44089209850064E-15,-1.,0.));
#2290=DIRECTION('',(0.,0.,1.));
#2291=DIRECTION('',(1.,0.,0.));
#2292=DIRECTION('',(1.,3.46944695195362E-16,0.));
#2293=DIRECTION('',(0.,-1.,0.));
#2294=DIRECTION('',(-1.,-1.38777878078145E-16,0.));
#2295=DIRECTION('',(0.,-1.,0.));
#2296=DIRECTION('',(1.,0.,0.));
#2297=DIRECTION('',(-3.22739251344522E-16,1.,0.));
#2298=DIRECTION('',(1.,0.,0.));
#2299=DIRECTION('',(0.,1.,0.));
#2300=DIRECTION('',(1.,0.,0.));
#2301=DIRECTION('',(-3.32402103181185E-16,1.,0.));
#2302=DIRECTION('',(0.,-1.,0.));
#2303=DIRECTION('',(1.,0.,0.));
#2304=DIRECTION('',(1.,3.46944695195362E-16,0.));
#2305=DIRECTION('',(0.,1.,0.));
#2306=DIRECTION('',(-1.,0.,0.));
#2307=DIRECTION('',(0.,1.,0.));
#2308=DIRECTION('',(-1.,0.,0.));
#2309=DIRECTION('',(0.,1.,0.));
#2310=DIRECTION('',(0.,-1.,0.));
#2311=DIRECTION('',(-1.,0.,0.));
#2312=DIRECTION('',(0.,-1.,0.));
#2313=DIRECTION('',(-1.,0.,0.));
#2314=DIRECTION('',(-1.,0.,0.));
#2315=DIRECTION('',(0.,1.,0.));
#2316=DIRECTION('',(-1.,0.,0.));
#2317=DIRECTION('',(0.,1.,0.));
#2318=DIRECTION('',(-1.,0.,0.));
#2319=DIRECTION('',(0.55231250142108,0.833637151747684,0.));
#2320=DIRECTION('',(0.552312501421077,-0.833637151747685,0.));
#2321=DIRECTION('',(0.,1.,0.));
#2322=DIRECTION('',(0.,0.,1.));
#2323=DIRECTION('',(0.,0.,-1.));
#2324=DIRECTION('',(0.,0.,-1.));
#2325=DIRECTION('',(0.,0.,1.));
#2326=DIRECTION('',(1.,0.,0.));
#2327=DIRECTION('',(0.,0.,1.));
#2328=DIRECTION('',(1.,0.,0.));
#2329=DIRECTION('',(-1.,-1.38777878078145E-16,0.));
#2330=DIRECTION('',(0.,-1.,0.));
#2331=DIRECTION('',(-1.,-1.38777878078145E-16,0.));
#2332=DIRECTION('',(0.,-1.,0.));
#2333=DIRECTION('',(0.,-1.,0.));
#2334=DIRECTION('',(1.,0.,0.));
#2335=DIRECTION('',(0.,0.,-1.));
#2336=DIRECTION('',(0.,0.,-1.));
#2337=DIRECTION('',(0.,0.,-1.));
#2338=DIRECTION('',(0.,0.,-1.));
#2339=DIRECTION('',(1.38777878078145E-16,-1.,0.));
#2340=DIRECTION('',(1.,1.38777878078145E-16,0.));
#2341=DIRECTION('',(0.,0.,-1.));
#2342=DIRECTION('',(1.,0.,0.));
#2343=DIRECTION('',(0.,0.,-1.));
#2344=DIRECTION('',(1.38777878078145E-16,-1.,0.));
#2345=DIRECTION('',(1.,1.38777878078145E-16,0.));
#2346=DIRECTION('',(0.,0.,-1.));
#2347=DIRECTION('',(1.,0.,0.));
#2348=DIRECTION('',(0.,0.,-1.));
#2349=DIRECTION('',(0.,1.,0.));
#2350=DIRECTION('',(0.,0.,1.));
#2351=DIRECTION('',(0.,0.,-1.));
#2352=DIRECTION('',(1.,0.,0.));
#2353=DIRECTION('',(1.,0.,0.));
#2354=DIRECTION('',(0.,0.,-1.));
#2355=DIRECTION('',(0.,-1.,0.));
#2356=DIRECTION('',(0.,0.,-1.));
#2357=DIRECTION('',(-1.,0.,0.));
#2358=DIRECTION('',(0.,0.,1.));
#2359=DIRECTION('',(1.,0.,0.));
#2360=DIRECTION('',(0.,0.,1.));
#2361=DIRECTION('',(1.,0.,0.));
#2362=DIRECTION('',(0.,0.,1.));
#2363=DIRECTION('',(1.,0.,0.));
#2364=DIRECTION('',(0.,0.,1.));
#2365=DIRECTION('',(1.,0.,0.));
#2366=DIRECTION('',(1.,0.,0.));
#2367=DIRECTION('',(0.,0.,-1.));
#2368=DIRECTION('',(0.,0.,-1.));
#2369=DIRECTION('',(0.,-1.,0.));
#2370=DIRECTION('',(0.,0.,-1.));
#2371=DIRECTION('',(0.,-1.,0.));
#2372=DIRECTION('',(0.,0.,-1.));
#2373=DIRECTION('',(0.,0.,-1.));
#2374=DIRECTION('',(-1.,0.,0.));
#2375=DIRECTION('',(1.,0.,0.));
#2376=DIRECTION('',(0.,0.,-1.));
#2377=DIRECTION('',(0.,0.,-1.));
#2378=DIRECTION('',(0.,-1.,0.));
#2379=DIRECTION('',(0.,-1.,0.));
#2380=DIRECTION('',(0.,0.,-1.));
#2381=DIRECTION('',(-1.,0.,0.));
#2382=DIRECTION('',(0.,0.,1.));
#2383=DIRECTION('',(1.,0.,0.));
#2384=DIRECTION('',(-1.,0.,0.));
#2385=DIRECTION('',(0.,0.,1.));
#2386=DIRECTION('',(0.,0.,-1.));
#2387=DIRECTION('',(0.,1.,0.));
#2388=DIRECTION('',(0.,0.,-1.));
#2389=DIRECTION('',(0.,-1.,0.));
#2390=DIRECTION('',(0.,0.,-1.));
#2391=DIRECTION('',(0.,0.,-1.));
#2392=DIRECTION('',(-1.,0.,0.));
#2393=DIRECTION('',(0.833637151747685,0.552312501421077,0.));
#2394=DIRECTION('',(-0.552312501421077,0.833637151747685,0.));
#2395=DIRECTION('',(0.,0.,-1.));
#2396=DIRECTION('',(0.552312501421077,-0.833637151747685,0.));
#2397=DIRECTION('',(-0.833637151747684,0.55231250142108,0.));
#2398=DIRECTION('',(-0.55231250142108,-0.833637151747684,0.));
#2399=DIRECTION('',(0.,0.,-1.));
#2400=DIRECTION('',(0.55231250142108,0.833637151747684,0.));
#2401=DIRECTION('',(0.,-1.,0.));
#2402=DIRECTION('',(0.,0.,-1.));
#2403=DIRECTION('',(0.,0.,-1.));
#2404=DIRECTION('',(-1.,0.,0.));
#2405=DIRECTION('',(-1.,0.,0.));
#2406=DIRECTION('',(0.,0.,1.));
#2407=DIRECTION('',(0.,0.,-1.));
#2408=DIRECTION('',(0.,1.,0.));
#2409=DIRECTION('',(0.,-1.,0.));
#2410=DIRECTION('',(0.,0.,-1.));
#2411=DIRECTION('',(-1.,0.,0.));
#2412=DIRECTION('',(0.,0.,1.));
#2413=DIRECTION('',(1.,0.,0.));
#2414=DIRECTION('',(0.,-1.,0.));
#2415=DIRECTION('',(0.,0.,-1.));
#2416=DIRECTION('',(0.,0.,-1.));
#2417=DIRECTION('',(-1.,0.,0.));
#2418=DIRECTION('',(0.,0.,-1.));
#2419=DIRECTION('',(-1.,0.,0.));
#2420=DIRECTION('',(0.,0.,1.));
#2421=DIRECTION('',(0.,0.,-1.));
#2422=DIRECTION('',(0.,1.,0.));
#2423=DIRECTION('',(0.,-1.,0.));
#2424=DIRECTION('',(0.,0.,-1.));
#2425=DIRECTION('',(0.,0.,-1.));
#2426=DIRECTION('',(-1.,0.,0.));
#2427=DIRECTION('',(-1.,0.,0.));
#2428=DIRECTION('',(0.,0.,1.));
#2429=DIRECTION('',(0.,1.,0.));
#2430=DIRECTION('',(0.,0.,1.));
#2431=DIRECTION('',(1.,0.,0.));
#2432=DIRECTION('',(1.,3.22739251344522E-16,0.));
#2433=DIRECTION('',(-3.22739251344522E-16,1.,0.));
#2434=DIRECTION('',(0.,0.,-1.));
#2435=DIRECTION('',(1.,3.32402103181185E-16,0.));
#2436=DIRECTION('',(-3.32402103181185E-16,1.,0.));
#2437=DIRECTION('',(0.,0.,-1.));
#2438=DIRECTION('',(0.,-1.,0.));
#2439=DIRECTION('',(0.,0.,-1.));
#2440=DIRECTION('',(0.,0.,-1.));
#2441=DIRECTION('',(1.,0.,0.));
#2442=DIRECTION('',(0.,0.,-1.));
#2443=DIRECTION('',(0.,0.,-1.));
#2444=DIRECTION('',(0.,-1.,0.));
#2445=DIRECTION('',(0.,0.,-1.));
#2446=DIRECTION('',(3.46944695195362E-16,-1.,0.));
#2447=DIRECTION('',(1.,3.46944695195362E-16,0.));
#2448=DIRECTION('',(0.,0.,-1.));
#2449=DIRECTION('',(1.,0.,0.));
#2450=DIRECTION('',(0.,0.,-1.));
#2451=DIRECTION('',(0.,0.,-1.));
#2452=DIRECTION('',(3.46944695195362E-16,-1.,0.));
#2453=DIRECTION('',(1.,3.46944695195362E-16,0.));
#2454=DIRECTION('',(0.892699988621259,0.450651451030178,0.));
#2455=DIRECTION('',(-0.450651451030178,0.892699988621259,0.));
#2456=DIRECTION('',(0.,0.,-1.));
#2457=DIRECTION('',(0.450651451030178,-0.892699988621259,0.));
#2458=DIRECTION('',(0.,0.,-1.));
#2459=DIRECTION('',(0.906740080083587,0.421689965697562,0.));
#2460=DIRECTION('',(-0.421689965697562,0.906740080083587,0.));
#2461=DIRECTION('',(0.421689965697562,-0.906740080083587,0.));
#2462=DIRECTION('',(0.,0.,-1.));
#2463=DIRECTION('',(-0.450651451030179,0.892699988621258,0.));
#2464=DIRECTION('',(-0.892699988621258,-0.450651451030179,0.));
#2465=DIRECTION('',(0.892699988621258,0.450651451030179,0.));
#2466=DIRECTION('',(0.,0.,-1.));
#2467=DIRECTION('',(-0.89269998862126,-0.450651451030176,0.));
#2468=DIRECTION('',(0.450651451030176,-0.89269998862126,0.));
#2469=DIRECTION('',(-0.450651451030176,0.89269998862126,0.));
#2470=DIRECTION('',(0.,0.,-1.));
#2471=DIRECTION('',(0.450651451030179,-0.892699988621258,0.));
#2472=DIRECTION('',(0.892699988621258,0.450651451030179,0.));
#2473=DIRECTION('',(-0.892699988621258,-0.450651451030179,0.));
#2474=DIRECTION('',(0.,0.,1.));
#2475=DIRECTION('',(1.,0.,0.));
#2476=DIRECTION('',(-0.908751169684139,-0.417338365834858,0.));
#2477=DIRECTION('',(0.417338365834858,-0.908751169684139,0.));
#2478=DIRECTION('',(0.,0.,-1.));
#2479=DIRECTION('',(-0.417338365834859,0.908751169684139,0.));
#2480=DIRECTION('',(0.,0.,-1.));
#2481=DIRECTION('',(0.459804233739858,-0.888020307557717,0.));
#2482=DIRECTION('',(0.888020307557717,0.459804233739858,0.));
#2483=DIRECTION('',(-0.888020307557717,-0.459804233739858,0.));
#2484=DIRECTION('',(0.,0.,-1.));
#2485=DIRECTION('',(0.888020307557717,0.459804233739857,0.));
#2486=DIRECTION('',(-0.459804233739857,0.888020307557717,0.));
#2487=DIRECTION('',(0.459804233739857,-0.888020307557717,0.));
#2488=DIRECTION('',(0.,0.,-1.));
#2489=DIRECTION('',(-0.45980423373986,0.888020307557716,0.));
#2490=DIRECTION('',(-0.888020307557716,-0.45980423373986,0.));
#2491=DIRECTION('',(0.888020307557716,0.45980423373986,0.));
#2492=DIRECTION('',(0.,0.,1.));
#2493=DIRECTION('',(1.,0.,0.));
#2494=DIRECTION('',(0.888020307557717,0.459804233739858,0.));
#2495=DIRECTION('',(-0.459804233739858,0.888020307557717,0.));
#2496=DIRECTION('',(0.,0.,-1.));
#2497=DIRECTION('',(0.459804233739858,-0.888020307557717,0.));
#2498=DIRECTION('',(0.,0.,-1.));
#2499=DIRECTION('',(-0.417752677396041,0.908560785268899,0.));
#2500=DIRECTION('',(-0.908560785268899,-0.417752677396041,0.));
#2501=DIRECTION('',(0.908560785268899,0.417752677396041,0.));
#2502=DIRECTION('',(0.,0.,-1.));
#2503=DIRECTION('',(-0.888020307557717,-0.459804233739858,0.));
#2504=DIRECTION('',(0.459804233739858,-0.888020307557717,0.));
#2505=DIRECTION('',(-0.459804233739858,0.888020307557717,0.));
#2506=DIRECTION('',(0.,0.,-1.));
#2507=DIRECTION('',(0.45980423373986,-0.888020307557716,0.));
#2508=DIRECTION('',(0.888020307557716,0.45980423373986,0.));
#2509=DIRECTION('',(-0.888020307557716,-0.45980423373986,0.));
#2510=DIRECTION('',(0.,0.,1.));
#2511=DIRECTION('',(1.,0.,0.));
#2512=DIRECTION('',(0.888020307557714,0.459804233739863,0.));
#2513=DIRECTION('',(-0.459804233739863,0.888020307557714,0.));
#2514=DIRECTION('',(0.,0.,-1.));
#2515=DIRECTION('',(0.459804233739863,-0.888020307557714,0.));
#2516=DIRECTION('',(0.,0.,-1.));
#2517=DIRECTION('',(-0.462638866365779,0.886546828615267,0.));
#2518=DIRECTION('',(-0.886546828615267,-0.462638866365779,0.));
#2519=DIRECTION('',(0.886546828615267,0.462638866365779,0.));
#2520=DIRECTION('',(0.,0.,-1.));
#2521=DIRECTION('',(-0.888020307557718,-0.459804233739857,0.));
#2522=DIRECTION('',(0.459804233739857,-0.888020307557718,0.));
#2523=DIRECTION('',(-0.459804233739857,0.888020307557718,0.));
#2524=DIRECTION('',(0.,0.,-1.));
#2525=DIRECTION('',(0.459804233739854,-0.888020307557719,0.));
#2526=DIRECTION('',(0.888020307557719,0.459804233739854,0.));
#2527=DIRECTION('',(-0.888020307557719,-0.459804233739854,0.));
#2528=DIRECTION('',(0.,0.,1.));
#2529=DIRECTION('',(1.,0.,0.));
#2530=DIRECTION('',(-0.893330472159119,-0.449400342136013,0.));
#2531=DIRECTION('',(0.449400342136013,-0.893330472159119,0.));
#2532=DIRECTION('',(0.,0.,-1.));
#2533=DIRECTION('',(-0.449400342136013,0.893330472159119,0.));
#2534=DIRECTION('',(0.,0.,-1.));
#2535=DIRECTION('',(0.459804233739857,-0.888020307557718,0.));
#2536=DIRECTION('',(0.888020307557718,0.459804233739857,0.));
#2537=DIRECTION('',(-0.888020307557718,-0.459804233739857,0.));
#2538=DIRECTION('',(0.,0.,-1.));
#2539=DIRECTION('',(0.888020307557715,0.459804233739861,0.));
#2540=DIRECTION('',(-0.459804233739861,0.888020307557715,0.));
#2541=DIRECTION('',(0.459804233739861,-0.888020307557715,0.));
#2542=DIRECTION('',(0.,0.,-1.));
#2543=DIRECTION('',(-0.459804233739857,0.888020307557717,0.));
#2544=DIRECTION('',(-0.888020307557717,-0.459804233739857,0.));
#2545=DIRECTION('',(0.888020307557717,0.459804233739857,0.));
#2546=DIRECTION('',(0.,0.,1.));
#2547=DIRECTION('',(1.,0.,0.));
#2548=DIRECTION('',(0.916457165572284,-0.400132807541715,0.));
#2549=DIRECTION('',(0.400132807541715,0.916457165572284,0.));
#2550=DIRECTION('',(0.,0.,-1.));
#2551=DIRECTION('',(-0.400132807541715,-0.916457165572284,0.));
#2552=DIRECTION('',(0.,0.,-1.));
#2553=DIRECTION('',(0.734894889315616,0.678181024253693,0.));
#2554=DIRECTION('',(-0.678181024253693,0.734894889315616,0.));
#2555=DIRECTION('',(0.678181024253693,-0.734894889315616,0.));
#2556=DIRECTION('',(0.,0.,-1.));
#2557=DIRECTION('',(-0.916457165572285,0.400132807541712,0.));
#2558=DIRECTION('',(-0.400132807541712,-0.916457165572285,0.));
#2559=DIRECTION('',(0.400132807541712,0.916457165572285,0.));
#2560=DIRECTION('',(0.,0.,-1.));
#2561=DIRECTION('',(-0.400132807541714,-0.916457165572285,0.));
#2562=DIRECTION('',(0.916457165572285,-0.400132807541714,0.));
#2563=DIRECTION('',(-0.916457165572285,0.400132807541714,0.));
#2564=DIRECTION('',(0.,0.,1.));
#2565=DIRECTION('',(1.,0.,0.));
#2566=DIRECTION('',(0.594107896264875,0.804385360132645,0.));
#2567=DIRECTION('',(-0.804385360132645,0.594107896264875,0.));
#2568=DIRECTION('',(0.,0.,-1.));
#2569=DIRECTION('',(0.804385360132645,-0.594107896264875,0.));
#2570=DIRECTION('',(0.,0.,-1.));
#2571=DIRECTION('',(0.917470759684125,-0.397803224125491,0.));
#2572=DIRECTION('',(0.397803224125491,0.917470759684125,0.));
#2573=DIRECTION('',(-0.397803224125491,-0.917470759684125,0.));
#2574=DIRECTION('',(0.,0.,-1.));
#2575=DIRECTION('',(-0.594107896264872,-0.804385360132647,0.));
#2576=DIRECTION('',(0.804385360132647,-0.594107896264872,0.));
#2577=DIRECTION('',(-0.804385360132647,0.594107896264872,0.));
#2578=DIRECTION('',(0.,0.,-1.));
#2579=DIRECTION('',(0.629692542214372,-0.776844451791735,0.));
#2580=DIRECTION('',(0.776844451791735,0.629692542214372,0.));
#2581=DIRECTION('',(-0.776844451791735,-0.629692542214372,0.));
#2582=DIRECTION('',(0.,0.,-1.));
#2583=DIRECTION('',(-0.605747709949437,-0.795656780208032,0.));
#2584=DIRECTION('',(0.795656780208032,-0.605747709949437,0.));
#2585=DIRECTION('',(-0.795656780208032,0.605747709949437,0.));
#2586=DIRECTION('',(0.,0.,-1.));
#2587=DIRECTION('',(-0.928024897584465,0.372518173332985,0.));
#2588=DIRECTION('',(-0.372518173332985,-0.928024897584465,0.));
#2589=DIRECTION('',(0.372518173332985,0.928024897584465,0.));
#2590=DIRECTION('',(0.,0.,-1.));
#2591=DIRECTION('',(-0.485077396146313,-0.874471222938704,0.));
#2592=DIRECTION('',(0.874471222938704,-0.485077396146313,0.));
#2593=DIRECTION('',(-0.874471222938704,0.485077396146313,0.));
#2594=DIRECTION('',(0.,0.,-1.));
#2595=DIRECTION('',(0.874471222938704,-0.485077396146314,0.));
#2596=DIRECTION('',(0.485077396146314,0.874471222938704,0.));
#2597=DIRECTION('',(-0.485077396146314,-0.874471222938704,0.));
#2598=DIRECTION('',(0.,0.,1.));
#2599=DIRECTION('',(1.,0.,0.));
#2600=DIRECTION('',(0.937783074865095,-0.347221693585765,0.));
#2601=DIRECTION('',(0.347221693585765,0.937783074865095,0.));
#2602=DIRECTION('',(0.,0.,-1.));
#2603=DIRECTION('',(-0.347221693585765,-0.937783074865095,0.));
#2604=DIRECTION('',(0.,0.,-1.));
#2605=DIRECTION('',(0.559394045544744,0.828901865005191,0.));
#2606=DIRECTION('',(-0.828901865005191,0.559394045544744,0.));
#2607=DIRECTION('',(0.828901865005191,-0.559394045544744,0.));
#2608=DIRECTION('',(0.,0.,-1.));
#2609=DIRECTION('',(-0.936534585643454,0.350575198628829,0.));
#2610=DIRECTION('',(-0.350575198628829,-0.936534585643454,0.));
#2611=DIRECTION('',(0.350575198628829,0.936534585643454,0.));
#2612=DIRECTION('',(0.,0.,-1.));
#2613=DIRECTION('',(-0.50127088539985,-0.865290413358689,0.));
#2614=DIRECTION('',(0.865290413358689,-0.50127088539985,0.));
#2615=DIRECTION('',(-0.865290413358689,0.50127088539985,0.));
#2616=DIRECTION('',(0.,0.,1.));
#2617=DIRECTION('',(1.,0.,0.));
#2618=DIRECTION('',(1.,0.,0.));
#2619=DIRECTION('',(0.,0.,-1.));
#2620=DIRECTION('',(0.,0.,-1.));
#2621=DIRECTION('',(0.,-1.,0.));
#2622=DIRECTION('',(0.,0.,-1.));
#2623=DIRECTION('',(0.,1.,0.));
#2624=DIRECTION('',(0.,0.,1.));
#2625=DIRECTION('',(1.,0.,0.));
#2626=DIRECTION('',(0.,0.,-1.));
#2627=DIRECTION('',(-1.,0.,0.));
#2628=DIRECTION('',(0.,0.,1.));
#2629=DIRECTION('',(0.,1.,0.));
#2630=DIRECTION('',(0.,0.,-1.));
#2631=DIRECTION('',(-0.140583881097993,-0.990068771538334,0.));
#2632=DIRECTION('',(0.990068771538334,-0.140583881097993,0.));
#2633=DIRECTION('',(-0.990068771538334,0.140583881097993,0.));
#2634=DIRECTION('',(0.,0.,1.));
#2635=DIRECTION('',(1.,0.,0.));
#2636=DIRECTION('',(1.,0.,0.));
#2637=DIRECTION('',(0.,0.,-1.));
#2638=DIRECTION('',(0.,0.,-1.));
#2639=DIRECTION('',(0.,-1.,0.));
#2640=DIRECTION('',(0.,0.,-1.));
#2641=DIRECTION('',(0.562503274444775,-0.826795056975371,0.));
#2642=DIRECTION('',(0.826795056975371,0.562503274444775,0.));
#2643=DIRECTION('',(-0.826795056975371,-0.562503274444775,0.));
#2644=DIRECTION('',(0.,0.,-1.));
#2645=DIRECTION('',(0.741232676978219,0.67124817957273,0.));
#2646=DIRECTION('',(-0.67124817957273,0.741232676978219,0.));
#2647=DIRECTION('',(0.67124817957273,-0.741232676978219,0.));
#2648=DIRECTION('',(0.,0.,-1.));
#2649=DIRECTION('',(0.999980237621582,0.00628684072359784,0.));
#2650=DIRECTION('',(-0.00628684072359784,0.999980237621582,0.));
#2651=DIRECTION('',(0.00628684072359784,-0.999980237621582,0.));
#2652=DIRECTION('',(0.,0.,-1.));
#2653=DIRECTION('',(0.741232676978218,0.671248179572731,0.));
#2654=DIRECTION('',(-0.671248179572731,0.741232676978218,0.));
#2655=DIRECTION('',(0.671248179572731,-0.741232676978218,0.));
#2656=DIRECTION('',(0.,0.,-1.));
#2657=DIRECTION('',(0.562503274444773,-0.826795056975372,0.));
#2658=DIRECTION('',(0.826795056975372,0.562503274444773,0.));
#2659=DIRECTION('',(-0.826795056975372,-0.562503274444773,0.));
#2660=DIRECTION('',(0.,0.,1.));
#2661=DIRECTION('',(1.,0.,0.));
#2662=DIRECTION('',(0.,0.,-1.));
#2663=DIRECTION('',(0.,0.,-1.));
#2664=DIRECTION('',(0.,-1.,0.));
#2665=DIRECTION('',(0.,0.,-1.));
#2666=DIRECTION('',(-1.,0.,0.));
#2667=DIRECTION('',(0.,0.,-1.));
#2668=DIRECTION('',(0.594045833583215,-0.804431195070419,0.));
#2669=DIRECTION('',(0.80443119507042,0.594045833583215,0.));
#2670=DIRECTION('',(-0.804431195070419,-0.594045833583215,0.));
#2671=DIRECTION('',(0.,0.,-1.));
#2672=DIRECTION('',(0.662357582019233,0.749187849301919,0.));
#2673=DIRECTION('',(-0.749187849301919,0.662357582019233,0.));
#2674=DIRECTION('',(0.749187849301919,-0.662357582019233,0.));
#2675=DIRECTION('',(0.,0.,-1.));
#2676=DIRECTION('',(1.,0.,0.));
#2677=DIRECTION('',(0.,0.,-1.));
#2678=DIRECTION('',(0.,-1.,0.));
#2679=DIRECTION('',(0.,0.,-1.));
#2680=DIRECTION('',(0.683589701406686,0.729866508431999,0.));
#2681=DIRECTION('',(-0.729866508431999,0.683589701406686,0.));
#2682=DIRECTION('',(0.729866508431999,-0.683589701406686,0.));
#2683=DIRECTION('',(0.,0.,-1.));
#2684=DIRECTION('',(0.655580342162363,-0.755125429958679,0.));
#2685=DIRECTION('',(0.755125429958679,0.655580342162363,0.));
#2686=DIRECTION('',(-0.755125429958679,-0.655580342162363,0.));
#2687=DIRECTION('',(0.,0.,-1.));
#2688=DIRECTION('',(0.423306850914999,-0.905986374052296,0.));
#2689=DIRECTION('',(0.905986374052296,0.423306850914999,0.));
#2690=DIRECTION('',(-0.905986374052296,-0.423306850914999,0.));
#2691=DIRECTION('',(0.,0.,-1.));
#2692=DIRECTION('',(0.,0.,1.));
#2693=DIRECTION('',(1.,0.,0.));
#2694=CARTESIAN_POINT('',(0.,0.,0.));
#2695=CARTESIAN_POINT('',(-0.308396789386985,0.419124473775878,0.002));
#2696=CARTESIAN_POINT('',(-0.308396789386985,0.246124473775879,0.002));
#2697=CARTESIAN_POINT('',(-0.308396789386985,0.246124473775879,0.));
#2698=CARTESIAN_POINT('',(-0.306396789386985,0.244124473775879,0.002));
#2699=CARTESIAN_POINT('',(-0.308396789386985,0.419124473775878,0.));
#2700=CARTESIAN_POINT('',(-0.308396789386985,0.344124473775879,0.));
#2701=CARTESIAN_POINT('',(-0.308396789386985,0.344124473775879,0.002));
#2702=CARTESIAN_POINT('',(-0.306396789386985,0.344124473775878,0.002));
#2703=CARTESIAN_POINT('',(-0.306396789386985,0.419124473775878,0.002));
#2704=CARTESIAN_POINT('',(-0.646396789386985,0.246124473775879,0.002));
#2705=CARTESIAN_POINT('',(-0.646396789386985,0.246124473775879,0.));
#2706=CARTESIAN_POINT('',(-0.506396789386985,0.246124473775879,0.));
#2707=CARTESIAN_POINT('',(-0.646396789386985,0.244124473775879,0.002));
#2708=CARTESIAN_POINT('',(-0.506396789386985,0.244124473775879,0.002));
#2709=CARTESIAN_POINT('',(-0.506396789386985,0.246124473775879,0.002));
#2710=CARTESIAN_POINT('',(-0.646396789386985,0.419124473775878,0.));
#2711=CARTESIAN_POINT('',(-0.382721233239519,0.307142047159895,0.));
#2712=CARTESIAN_POINT('',(-0.383047024779594,0.30748938030277,0.));
#2713=CARTESIAN_POINT('',(-0.383951516565537,0.308453677824569,0.));
#2714=CARTESIAN_POINT('',(-0.38299419849726,0.311175240856357,0.));
#2715=CARTESIAN_POINT('',(-0.382381699622094,0.312916516145,0.));
#2716=CARTESIAN_POINT('',(-0.382721233239519,0.307142047159895,0.));
#2717=CARTESIAN_POINT('',(-0.382381699622094,0.312916516145,0.));
#2718=CARTESIAN_POINT('',(-0.383063773995202,0.304374839216335,0.));
#2719=CARTESIAN_POINT('',(-0.383089808725881,0.304384497195165,0.));
#2720=CARTESIAN_POINT('',(-0.389317396768197,0.306694715580697,0.));
#2721=CARTESIAN_POINT('',(-0.385070588325645,0.310992615714882,0.));
#2722=CARTESIAN_POINT('',(-0.382381699622094,0.312916516144999,0.));
#2723=CARTESIAN_POINT('',(-0.383063773995202,0.304374839216335,0.));
#2724=CARTESIAN_POINT('',(-0.381900527840165,0.304374839216335,0.));
#2725=CARTESIAN_POINT('',(-0.380737281685128,0.304374839216335,0.));
#2726=CARTESIAN_POINT('',(-0.376966412748309,0.307159501216805,0.));
#2727=CARTESIAN_POINT('',(-0.373195543811491,0.309944163217275,0.));
#2728=CARTESIAN_POINT('',(-0.381330793246818,0.317136543806639,0.));
#2729=CARTESIAN_POINT('',(-0.389466042682145,0.324328924396003,0.));
#2730=CARTESIAN_POINT('',(-0.389466042682145,0.3232843303435,0.));
#2731=CARTESIAN_POINT('',(-0.389466042682145,0.322239736290998,0.));
#2732=CARTESIAN_POINT('',(-0.383412202843926,0.316569737024608,0.));
#2733=CARTESIAN_POINT('',(-0.377358363005709,0.310899737758219,0.));
#2734=CARTESIAN_POINT('',(-0.378919665087741,0.309544255724972,0.));
#2735=CARTESIAN_POINT('',(-0.380480967169773,0.308188773691724,0.));
#2736=CARTESIAN_POINT('',(-0.381601100204647,0.307665410425809,0.));
#2737=CARTESIAN_POINT('',(-0.390157441709303,0.313281907229308,0.));
#2738=CARTESIAN_POINT('',(-0.387718458360978,0.31494124966027,0.));
#2739=CARTESIAN_POINT('',(-0.392596425057628,0.311622564798346,0.));
#2740=CARTESIAN_POINT('',(-0.387718458360978,0.316090495619449,0.));
#2741=CARTESIAN_POINT('',(-0.387718458360978,0.317239741578628,0.));
#2742=CARTESIAN_POINT('',(-0.39202586389995,0.314309233347366,0.));
#2743=CARTESIAN_POINT('',(-0.396333269438922,0.311378725116103,0.));
#2744=CARTESIAN_POINT('',(-0.389835481386941,0.304203476111669,0.));
#2745=CARTESIAN_POINT('',(-0.38333769333496,0.297028227107236,0.));
#2746=CARTESIAN_POINT('',(-0.383351527301435,0.299228647587258,0.));
#2747=CARTESIAN_POINT('',(-0.38336536126791,0.301429068067279,0.));
#2748=CARTESIAN_POINT('',(-0.387980893162769,0.306525816432813,0.));
#2749=CARTESIAN_POINT('',(-0.396987036284277,0.32902027128101,0.));
#2750=CARTESIAN_POINT('',(-0.389795222145501,0.327999076417754,0.));
#2751=CARTESIAN_POINT('',(-0.404178850423051,0.330041466144265,0.));
#2752=CARTESIAN_POINT('',(-0.389795222145501,0.33154506782346,0.));
#2753=CARTESIAN_POINT('',(-0.389795222145501,0.335091059229165,0.));
#2754=CARTESIAN_POINT('',(-0.396987036284277,0.335091059229165,0.));
#2755=CARTESIAN_POINT('',(-0.404178850423051,0.335091059229165,0.));
#2756=CARTESIAN_POINT('',(-0.404178850423051,0.332566262686715,0.));
#2757=CARTESIAN_POINT('',(-0.37997605002271,0.321744297710857,0.));
#2758=CARTESIAN_POINT('',(-0.377512216204432,0.320316975576579,0.));
#2759=CARTESIAN_POINT('',(-0.382439883840988,0.323171619845137,0.));
#2760=CARTESIAN_POINT('',(-0.375314230437268,0.326253338106103,0.));
#2761=CARTESIAN_POINT('',(-0.373116244670105,0.332189700635627,0.));
#2762=CARTESIAN_POINT('',(-0.375490415484979,0.333791937369571,0.));
#2763=CARTESIAN_POINT('',(-0.377864586299852,0.335394174103516,0.));
#2764=CARTESIAN_POINT('',(-0.38015223507042,0.329282896974326,0.));
#2765=CARTESIAN_POINT('',(-0.361847033904157,0.304725077879468,0.));
#2766=CARTESIAN_POINT('',(-0.35287078849668,0.32090696629817,0.));
#2767=CARTESIAN_POINT('',(-0.370823279311634,0.288543189460766,0.));
#2768=CARTESIAN_POINT('',(-0.357243834477758,0.324136837547516,0.));
#2769=CARTESIAN_POINT('',(-0.361616880458836,0.327366708796863,0.));
#2770=CARTESIAN_POINT('',(-0.365898244367774,0.317492414271843,0.));
#2771=CARTESIAN_POINT('',(-0.370179608276712,0.307618119746824,0.));
#2772=CARTESIAN_POINT('',(-0.371647926473408,0.308702599248965,0.));
#2773=CARTESIAN_POINT('',(-0.373116244670105,0.309787078751107,0.));
#2774=CARTESIAN_POINT('',(-0.375146501274079,0.30814139866759,0.));
#2775=CARTESIAN_POINT('',(-0.377176757878053,0.306495718584073,0.));
#2776=CARTESIAN_POINT('',(-0.374643664447549,0.304567229337473,0.));
#2777=CARTESIAN_POINT('',(-0.372110571017045,0.302638740090872,0.));
#2778=CARTESIAN_POINT('',(-0.374307187236021,0.297166484808914,0.));
#2779=CARTESIAN_POINT('',(-0.376503803454997,0.291694229526955,0.));
#2780=CARTESIAN_POINT('',(-0.373663541383315,0.29011870949386,0.));
#2781=CARTESIAN_POINT('',(-0.373068063112797,0.317468742941173,0.));
#2782=CARTESIAN_POINT('',(-0.370528571465526,0.316359979803383,0.));
#2783=CARTESIAN_POINT('',(-0.375607554760069,0.318577506078965,0.));
#2784=CARTESIAN_POINT('',(-0.368045404429328,0.322047382037701,0.));
#2785=CARTESIAN_POINT('',(-0.365562237393129,0.32773478427202,0.));
#2786=CARTESIAN_POINT('',(-0.367614742430938,0.329958933000215,0.));
#2787=CARTESIAN_POINT('',(-0.369667247468746,0.33218308172841,0.));
#2788=CARTESIAN_POINT('',(-0.372637401114407,0.325380293903688,0.));
#2789=CARTESIAN_POINT('',(-0.418582247498133,0.314190264478482,0.));
#2790=CARTESIAN_POINT('',(-0.412226920106797,0.300351586625202,0.));
#2791=CARTESIAN_POINT('',(-0.42493757488947,0.328028942331763,0.));
#2792=CARTESIAN_POINT('',(-0.427983727195894,0.326451688168554,0.));
#2793=CARTESIAN_POINT('',(-0.431029879502317,0.324874434005344,0.));
#2794=CARTESIAN_POINT('',(-0.424035689982383,0.31136654983888,0.));
#2795=CARTESIAN_POINT('',(-0.41704150046245,0.297858665672415,0.));
#2796=CARTESIAN_POINT('',(-0.414634210284623,0.299105126148809,0.));
#2797=CARTESIAN_POINT('',(-0.398615813073821,0.30547636938098,0.));
#2798=CARTESIAN_POINT('',(-0.396253970297536,0.306668671260452,0.));
#2799=CARTESIAN_POINT('',(-0.400977655850105,0.304284067501508,0.));
#2800=CARTESIAN_POINT('',(-0.399683073049268,0.313461415365579,0.));
#2801=CARTESIAN_POINT('',(-0.403112175801,0.320254159470705,0.));
#2802=CARTESIAN_POINT('',(-0.406399171987682,0.32732203261921,0.));
#2803=CARTESIAN_POINT('',(-0.409686168174366,0.334389905767714,0.));
#2804=CARTESIAN_POINT('',(-0.412271941021683,0.333084559850237,0.));
#2805=CARTESIAN_POINT('',(-0.414857713869001,0.33177921393276,0.));
#2806=CARTESIAN_POINT('',(-0.407917684859553,0.318031640717134,0.));
#2807=CARTESIAN_POINT('',(-0.406396789386984,0.344124473775879,0.));
#2808=CARTESIAN_POINT('',(-0.314396789386985,0.344124473775879,0.));
#2809=CARTESIAN_POINT('',(-0.506396789386985,0.294124473775878,0.));
#2810=CARTESIAN_POINT('',(-0.506396789386985,0.252124473775878,0.));
#2811=CARTESIAN_POINT('',(-0.506396789386985,0.252124473775878,0.));
#2812=CARTESIAN_POINT('',(-0.426396789386984,0.252124473775878,0.));
#2813=CARTESIAN_POINT('',(-0.426396789386984,0.254624473775878,0.));
#2814=CARTESIAN_POINT('',(-0.426396789386984,0.257124473775878,0.));
#2815=CARTESIAN_POINT('',(-0.506396789386985,0.257124473775878,0.));
#2816=CARTESIAN_POINT('',(-0.506396789386985,0.257124473775878,0.));
#2817=CARTESIAN_POINT('',(-0.506396789386985,0.294124473775878,0.));
#2818=CARTESIAN_POINT('',(-0.506396789386985,0.344124473775878,0.));
#2819=CARTESIAN_POINT('',(-0.406396789386984,0.344124473775879,0.));
#2820=CARTESIAN_POINT('',(-0.319396789386985,0.344124473775879,0.));
#2821=CARTESIAN_POINT('',(-0.319396789386985,0.340624473775878,0.));
#2822=CARTESIAN_POINT('',(-0.319396789386985,0.257124473775878,0.));
#2823=CARTESIAN_POINT('',(-0.353896789386984,0.257124473775878,0.));
#2824=CARTESIAN_POINT('',(-0.388396789386985,0.257124473775878,0.));
#2825=CARTESIAN_POINT('',(-0.388396789386985,0.254624473775878,0.));
#2826=CARTESIAN_POINT('',(-0.388396789386985,0.252124473775879,0.));
#2827=CARTESIAN_POINT('',(-0.316896789386985,0.252124473775878,0.));
#2828=CARTESIAN_POINT('',(-0.314396789386985,0.252124473775878,0.));
#2829=CARTESIAN_POINT('',(-0.314396789386985,0.338124473775879,0.));
#2830=CARTESIAN_POINT('',(-0.405749003235358,0.30308475084726,0.));
#2831=CARTESIAN_POINT('',(-0.403112175800999,0.304450062437143,0.));
#2832=CARTESIAN_POINT('',(-0.408385830669717,0.301719439257377,0.));
#2833=CARTESIAN_POINT('',(-0.409933477658059,0.317624048513309,0.));
#2834=CARTESIAN_POINT('',(-0.41675477951512,0.330798034589474,0.));
#2835=CARTESIAN_POINT('',(-0.419455556135334,0.329556228116604,0.));
#2836=CARTESIAN_POINT('',(-0.422156332755548,0.328314421643734,0.));
#2837=CARTESIAN_POINT('',(-0.415271081712632,0.315016930450555,0.));
#2838=CARTESIAN_POINT('',(-0.411157867921984,0.291222968280554,0.));
#2839=CARTESIAN_POINT('',(-0.408385830669718,0.292658289583264,0.));
#2840=CARTESIAN_POINT('',(-0.413929905174251,0.289787646977843,0.));
#2841=CARTESIAN_POINT('',(-0.409746172318542,0.295285518566233,0.));
#2842=CARTESIAN_POINT('',(-0.411106513967367,0.297912747549201,0.));
#2843=CARTESIAN_POINT('',(-0.413873965741979,0.296468570309598,0.));
#2844=CARTESIAN_POINT('',(-0.416641417516592,0.295024393069995,0.));
#2845=CARTESIAN_POINT('',(-0.415285661345421,0.292406020023919,0.));
#2846=CARTESIAN_POINT('',(-0.400477053203432,0.29955117266931,0.));
#2847=CARTESIAN_POINT('',(-0.39929151134445,0.297194519660069,0.));
#2848=CARTESIAN_POINT('',(-0.401662595062413,0.30190782567855,0.));
#2849=CARTESIAN_POINT('',(-0.404458292257409,0.300460253595374,0.));
#2850=CARTESIAN_POINT('',(-0.407253989452406,0.299012681512198,0.));
#2851=CARTESIAN_POINT('',(-0.406041084326707,0.296670196811698,0.));
#2852=CARTESIAN_POINT('',(-0.404828179201009,0.294327712111198,0.));
#2853=CARTESIAN_POINT('',(-0.40205984527273,0.295761115885634,0.));
#2854=CARTESIAN_POINT('',(-0.406396789386984,0.344124473775879,0.008));
#2855=CARTESIAN_POINT('',(-0.406396789386984,0.344124473775879,0.002));
#2856=CARTESIAN_POINT('',(-0.481396789386985,0.344124473775879,0.002));
#2857=CARTESIAN_POINT('',(-0.319396789386985,0.344124473775879,0.002));
#2858=CARTESIAN_POINT('',(-0.319396789386985,0.344124473775879,0.008));
#2859=CARTESIAN_POINT('',(-0.506396789386985,0.344124473775878,0.008));
#2860=CARTESIAN_POINT('',(-0.506396789386985,0.344124473775879,0.017));
#2861=CARTESIAN_POINT('',(-0.493896789386985,0.344124473775879,0.017));
#2862=CARTESIAN_POINT('',(-0.481396789386985,0.344124473775879,0.017));
#2863=CARTESIAN_POINT('',(-0.481396789386985,0.344124473775879,0.017));
#2864=CARTESIAN_POINT('',(-0.506396789386985,0.294124473775878,0.008));
#2865=CARTESIAN_POINT('',(-0.506396789386985,0.257124473775878,0.008));
#2866=CARTESIAN_POINT('',(-0.506396789386985,0.257124473775878,0.002));
#2867=CARTESIAN_POINT('',(-0.506396789386985,0.294124473775878,0.002));
#2868=CARTESIAN_POINT('',(-0.506396789386985,0.319124473775879,0.002));
#2869=CARTESIAN_POINT('',(-0.506396789386984,0.319124473775879,0.017));
#2870=CARTESIAN_POINT('',(-0.506396789386984,0.319124473775879,0.017));
#2871=CARTESIAN_POINT('',(-0.506396789386985,0.331624473775879,0.017));
#2872=CARTESIAN_POINT('',(-0.646396789386985,0.419124473775878,0.002));
#2873=CARTESIAN_POINT('',(-0.646396789386984,0.252124473775878,0.002));
#2874=CARTESIAN_POINT('',(-0.506396789386985,0.252124473775878,0.002));
#2875=CARTESIAN_POINT('',(-0.426396789386984,0.252124473775878,0.002));
#2876=CARTESIAN_POINT('',(-0.506396789386985,0.294124473775878,0.002));
#2877=CARTESIAN_POINT('',(-0.506396789386985,0.246124473775879,0.002));
#2878=CARTESIAN_POINT('',(-0.406396789386984,0.246124473775879,0.002));
#2879=CARTESIAN_POINT('',(-0.308396789386985,0.246124473775879,0.002));
#2880=CARTESIAN_POINT('',(-0.308396789386985,0.294124473775878,0.002));
#2881=CARTESIAN_POINT('',(-0.308396789386985,0.344124473775879,0.002));
#2882=CARTESIAN_POINT('',(-0.406396789386984,0.344124473775879,0.002));
#2883=CARTESIAN_POINT('',(-0.314396789386985,0.344124473775879,0.002));
#2884=CARTESIAN_POINT('',(-0.314396789386985,0.419124473775879,0.002));
#2885=CARTESIAN_POINT('',(-0.314396789386985,0.252124473775878,0.002));
#2886=CARTESIAN_POINT('',(-0.646396789386985,0.252124473775878,0.002));
#2887=CARTESIAN_POINT('',(-0.388396789386985,0.252124473775879,0.002));
#2888=CARTESIAN_POINT('',(-0.388396789386985,0.419124473775878,0.002));
#2889=CARTESIAN_POINT('',(-0.388396789386985,0.257124473775878,0.002));
#2890=CARTESIAN_POINT('',(-0.646396789386985,0.257124473775878,0.002));
#2891=CARTESIAN_POINT('',(-0.319396789386985,0.257124473775878,0.002));
#2892=CARTESIAN_POINT('',(-0.319396789386985,0.419124473775879,0.002));
#2893=CARTESIAN_POINT('',(-0.481396789386985,0.331624473775879,0.002));
#2894=CARTESIAN_POINT('',(-0.481396789386985,0.319124473775879,0.002));
#2895=CARTESIAN_POINT('',(-0.493896789386984,0.319124473775879,0.002));
#2896=CARTESIAN_POINT('',(-0.646396789386984,0.257124473775878,0.002));
#2897=CARTESIAN_POINT('',(-0.426396789386984,0.257124473775878,0.002));
#2898=CARTESIAN_POINT('',(-0.426396789386984,0.419124473775878,0.002));
#2899=CARTESIAN_POINT('',(-0.401565632211318,0.272287612660329,0.002));
#2900=CARTESIAN_POINT('',(-0.361565632211318,0.272287612660329,0.002));
#2901=CARTESIAN_POINT('',(-0.441565632211318,0.272287612660329,0.002));
#2902=CARTESIAN_POINT('',(-0.441565632211318,0.274787612660329,0.002));
#2903=CARTESIAN_POINT('',(-0.441565632211318,0.277287612660329,0.002));
#2904=CARTESIAN_POINT('',(-0.401565632211318,0.277287612660329,0.002));
#2905=CARTESIAN_POINT('',(-0.361565632211318,0.277287612660329,0.002));
#2906=CARTESIAN_POINT('',(-0.361565632211318,0.274787612660329,0.002));
#2907=CARTESIAN_POINT('',(-0.386565632211318,0.284787612660329,0.002));
#2908=CARTESIAN_POINT('',(-0.386565632211318,0.287287612660329,0.002));
#2909=CARTESIAN_POINT('',(-0.386565632211318,0.282287612660329,0.002));
#2910=CARTESIAN_POINT('',(-0.401565632211318,0.282287612660329,0.002));
#2911=CARTESIAN_POINT('',(-0.416565632211318,0.282287612660329,0.002));
#2912=CARTESIAN_POINT('',(-0.416565632211318,0.284787612660329,0.002));
#2913=CARTESIAN_POINT('',(-0.416565632211318,0.287287612660329,0.002));
#2914=CARTESIAN_POINT('',(-0.401565632211318,0.287287612660329,0.002));
#2915=CARTESIAN_POINT('',(-0.395565632211318,0.302287612660328,0.002));
#2916=CARTESIAN_POINT('',(-0.392065632211318,0.302287612660328,0.002));
#2917=CARTESIAN_POINT('',(-0.399065632211318,0.302287612660328,0.002));
#2918=CARTESIAN_POINT('',(-0.399065632211318,0.296287612660328,0.002));
#2919=CARTESIAN_POINT('',(-0.399065632211318,0.290287612660328,0.002));
#2920=CARTESIAN_POINT('',(-0.401565632211318,0.290287612660328,0.002));
#2921=CARTESIAN_POINT('',(-0.404065632211318,0.290287612660328,0.002));
#2922=CARTESIAN_POINT('',(-0.404065632211318,0.296287612660328,0.002));
#2923=CARTESIAN_POINT('',(-0.404065632211318,0.302287612660328,0.002));
#2924=CARTESIAN_POINT('',(-0.407565632211318,0.302287612660328,0.002));
#2925=CARTESIAN_POINT('',(-0.411065632211318,0.302287612660328,0.002));
#2926=CARTESIAN_POINT('',(-0.406315632211318,0.309457061949658,0.002));
#2927=CARTESIAN_POINT('',(-0.401565632211318,0.316626511238988,0.002));
#2928=CARTESIAN_POINT('',(-0.396815632211317,0.309457061949658,0.002));
#2929=CARTESIAN_POINT('',(-0.406396789386984,0.344124473775879,0.008));
#2930=CARTESIAN_POINT('',(-0.306396789386985,0.344124473775878,0.008));
#2931=CARTESIAN_POINT('',(-0.306396789386985,0.344124473775878,0.008));
#2932=CARTESIAN_POINT('',(-0.314396789386985,0.344124473775879,0.008));
#2933=CARTESIAN_POINT('',(-0.308396789386985,0.344124473775879,0.008));
#2934=CARTESIAN_POINT('',(-0.308396789386985,0.344124473775879,0.008));
#2935=CARTESIAN_POINT('',(-0.406396789386984,0.344124473775879,0.008));
#2936=CARTESIAN_POINT('',(-0.646396789386985,0.419124473775878,0.008));
#2937=CARTESIAN_POINT('',(-0.406396789386984,0.246124473775879,0.008));
#2938=CARTESIAN_POINT('',(-0.308396789386985,0.246124473775879,0.008));
#2939=CARTESIAN_POINT('',(-0.506396789386985,0.246124473775879,0.008));
#2940=CARTESIAN_POINT('',(-0.506396789386985,0.294124473775878,0.008));
#2941=CARTESIAN_POINT('',(-0.506396789386985,0.244124473775879,0.008));
#2942=CARTESIAN_POINT('',(-0.406396789386984,0.244124473775879,0.008));
#2943=CARTESIAN_POINT('',(-0.306396789386985,0.244124473775879,0.008));
#2944=CARTESIAN_POINT('',(-0.306396789386985,0.294124473775878,0.008));
#2945=CARTESIAN_POINT('',(-0.308396789386985,0.294124473775878,0.008));
#2946=CARTESIAN_POINT('',(-0.506396789386985,0.294124473775878,0.008));
#2947=CARTESIAN_POINT('',(-0.506396789386985,0.244124473775879,0.008));
#2948=CARTESIAN_POINT('',(-0.506396789386985,0.246124473775879,0.008));
#2949=CARTESIAN_POINT('',(-0.506396789386985,0.252124473775878,0.008));
#2950=CARTESIAN_POINT('',(-0.406396789386984,0.244124473775879,0.008));
#2951=CARTESIAN_POINT('',(-0.306396789386985,0.244124473775879,0.008));
#2952=CARTESIAN_POINT('',(-0.306396789386985,0.294124473775878,0.008));
#2953=CARTESIAN_POINT('',(-0.406396789386984,0.246124473775879,0.008));
#2954=CARTESIAN_POINT('',(-0.308396789386985,0.246124473775879,0.008));
#2955=CARTESIAN_POINT('',(-0.308396789386985,0.294124473775878,0.008));
#2956=CARTESIAN_POINT('',(-0.493896789386984,0.319124473775879,0.017));
#2957=CARTESIAN_POINT('',(-0.481396789386985,0.319124473775879,0.017));
#2958=CARTESIAN_POINT('',(-0.481396789386985,0.319124473775879,0.017));
#2959=CARTESIAN_POINT('',(-0.493896789386984,0.319124473775879,0.017));
#2960=CARTESIAN_POINT('',(-0.481396789386985,0.331624473775879,0.017));
#2961=CARTESIAN_POINT('',(-0.481396789386985,0.331624473775879,0.017));
#2962=CARTESIAN_POINT('',(-0.496396789386985,0.334124473775879,0.017));
#2963=CARTESIAN_POINT('',(-0.496396789386985,0.334124473775879,0.017));
#2964=CARTESIAN_POINT('',(-0.491246789386985,0.334124473775879,0.017));
#2965=CARTESIAN_POINT('',(-0.496396789386985,0.334124473775879,0.002));
#2966=CARTESIAN_POINT('',(-0.491246789386985,0.334124473775879,0.002));
#2967=CARTESIAN_POINT('',(-0.668896789386985,0.455624473775879,0.017));
#2968=CARTESIAN_POINT('',(-0.646396789386985,0.419124473775878,0.002));
#2969=CARTESIAN_POINT('',(-0.386565632211318,0.284787612660329,0.003));
#2970=CARTESIAN_POINT('',(-0.386565632211318,0.287287612660329,0.003));
#2971=CARTESIAN_POINT('',(-0.386565632211318,0.287287612660329,0.003));
#2972=CARTESIAN_POINT('',(-0.386565632211318,0.284787612660329,0.003));
#2973=CARTESIAN_POINT('',(-0.386565632211318,0.282287612660329,0.003));
#2974=CARTESIAN_POINT('',(-0.386565632211318,0.282287612660329,0.003));
#2975=CARTESIAN_POINT('',(-0.401565632211318,0.287287612660329,0.003));
#2976=CARTESIAN_POINT('',(-0.416565632211318,0.287287612660329,0.003));
#2977=CARTESIAN_POINT('',(-0.416565632211318,0.287287612660329,0.003));
#2978=CARTESIAN_POINT('',(-0.401565632211318,0.287287612660329,0.003));
#2979=CARTESIAN_POINT('',(-0.416565632211318,0.284787612660329,0.003));
#2980=CARTESIAN_POINT('',(-0.416565632211318,0.282287612660329,0.003));
#2981=CARTESIAN_POINT('',(-0.416565632211318,0.282287612660329,0.003));
#2982=CARTESIAN_POINT('',(-0.416565632211318,0.284787612660329,0.003));
#2983=CARTESIAN_POINT('',(-0.401565632211318,0.282287612660329,0.003));
#2984=CARTESIAN_POINT('',(-0.401565632211318,0.282287612660329,0.003));
#2985=CARTESIAN_POINT('',(-0.407396789386984,0.295124473775878,0.003));
#2986=CARTESIAN_POINT('',(-0.399065632211318,0.296287612660328,0.003));
#2987=CARTESIAN_POINT('',(-0.399065632211318,0.302287612660328,0.003));
#2988=CARTESIAN_POINT('',(-0.399065632211318,0.302287612660328,0.003));
#2989=CARTESIAN_POINT('',(-0.399065632211318,0.296287612660328,0.003));
#2990=CARTESIAN_POINT('',(-0.399065632211318,0.290287612660328,0.003));
#2991=CARTESIAN_POINT('',(-0.399065632211318,0.290287612660328,0.003));
#2992=CARTESIAN_POINT('',(-0.395565632211318,0.302287612660328,0.003));
#2993=CARTESIAN_POINT('',(-0.392065632211318,0.302287612660328,0.003));
#2994=CARTESIAN_POINT('',(-0.392065632211318,0.302287612660328,0.003));
#2995=CARTESIAN_POINT('',(-0.395565632211318,0.302287612660328,0.003));
#2996=CARTESIAN_POINT('',(-0.396815632211317,0.309457061949658,0.003));
#2997=CARTESIAN_POINT('',(-0.401565632211318,0.316626511238988,0.003));
#2998=CARTESIAN_POINT('',(-0.401565632211318,0.316626511238988,0.003));
#2999=CARTESIAN_POINT('',(-0.396815632211317,0.309457061949658,0.003));
#3000=CARTESIAN_POINT('',(-0.406315632211318,0.309457061949658,0.003));
#3001=CARTESIAN_POINT('',(-0.411065632211318,0.302287612660328,0.003));
#3002=CARTESIAN_POINT('',(-0.411065632211318,0.302287612660328,0.003));
#3003=CARTESIAN_POINT('',(-0.406315632211318,0.309457061949658,0.003));
#3004=CARTESIAN_POINT('',(-0.407565632211318,0.302287612660328,0.003));
#3005=CARTESIAN_POINT('',(-0.404065632211318,0.302287612660328,0.003));
#3006=CARTESIAN_POINT('',(-0.404065632211318,0.302287612660328,0.003));
#3007=CARTESIAN_POINT('',(-0.407565632211318,0.302287612660328,0.003));
#3008=CARTESIAN_POINT('',(-0.404065632211318,0.296287612660328,0.003));
#3009=CARTESIAN_POINT('',(-0.404065632211318,0.290287612660328,0.003));
#3010=CARTESIAN_POINT('',(-0.404065632211318,0.290287612660328,0.003));
#3011=CARTESIAN_POINT('',(-0.404065632211318,0.296287612660328,0.003));
#3012=CARTESIAN_POINT('',(-0.401565632211318,0.290287612660328,0.003));
#3013=CARTESIAN_POINT('',(-0.401565632211318,0.290287612660328,0.003));
#3014=CARTESIAN_POINT('',(-0.407396789386984,0.295124473775878,0.003));
#3015=CARTESIAN_POINT('',(-0.401565632211318,0.272287612660329,0.003));
#3016=CARTESIAN_POINT('',(-0.361565632211318,0.272287612660329,0.003));
#3017=CARTESIAN_POINT('',(-0.361565632211318,0.272287612660329,0.003));
#3018=CARTESIAN_POINT('',(-0.401565632211318,0.272287612660329,0.003));
#3019=CARTESIAN_POINT('',(-0.441565632211318,0.272287612660329,0.003));
#3020=CARTESIAN_POINT('',(-0.441565632211318,0.272287612660329,0.003));
#3021=CARTESIAN_POINT('',(-0.361565632211318,0.274787612660329,0.003));
#3022=CARTESIAN_POINT('',(-0.361565632211318,0.277287612660329,0.003));
#3023=CARTESIAN_POINT('',(-0.361565632211318,0.277287612660329,0.003));
#3024=CARTESIAN_POINT('',(-0.361565632211318,0.274787612660329,0.003));
#3025=CARTESIAN_POINT('',(-0.401565632211318,0.277287612660329,0.003));
#3026=CARTESIAN_POINT('',(-0.441565632211318,0.277287612660329,0.003));
#3027=CARTESIAN_POINT('',(-0.441565632211318,0.277287612660329,0.003));
#3028=CARTESIAN_POINT('',(-0.401565632211318,0.277287612660329,0.003));
#3029=CARTESIAN_POINT('',(-0.441565632211318,0.274787612660329,0.003));
#3030=CARTESIAN_POINT('',(-0.441565632211318,0.274787612660329,0.003));
#3031=CARTESIAN_POINT('',(-0.407396789386984,0.295124473775878,0.003));
#3032=CARTESIAN_POINT('',(-0.314396789386985,0.338124473775879,0.025));
#3033=CARTESIAN_POINT('',(-0.314396789386985,0.252124473775878,0.025));
#3034=CARTESIAN_POINT('',(-0.319396789386985,0.340624473775878,0.025));
#3035=CARTESIAN_POINT('',(-0.319396789386985,0.257124473775878,0.025));
#3036=CARTESIAN_POINT('',(-0.353896789386984,0.257124473775878,0.025));
#3037=CARTESIAN_POINT('',(-0.388396789386985,0.257124473775878,0.025));
#3038=CARTESIAN_POINT('',(-0.388396789386985,0.254624473775878,0.025));
#3039=CARTESIAN_POINT('',(-0.388396789386985,0.252124473775879,0.025));
#3040=CARTESIAN_POINT('',(-0.316896789386985,0.252124473775878,0.025));
#3041=CARTESIAN_POINT('',(-0.506396789386985,0.252124473775878,0.025));
#3042=CARTESIAN_POINT('',(-0.426396789386984,0.252124473775878,0.025));
#3043=CARTESIAN_POINT('',(-0.426396789386984,0.254624473775878,0.025));
#3044=CARTESIAN_POINT('',(-0.426396789386984,0.257124473775878,0.025));
#3045=CARTESIAN_POINT('',(-0.506396789386985,0.257124473775878,0.025));
#3046=CARTESIAN_POINT('',(-0.399683073049268,0.313461415365579,0.001));
#3047=CARTESIAN_POINT('',(-0.396253970297536,0.306668671260452,0.001));
#3048=CARTESIAN_POINT('',(-0.396253970297536,0.306668671260452,0.001));
#3049=CARTESIAN_POINT('',(-0.399683073049268,0.313461415365579,0.001));
#3050=CARTESIAN_POINT('',(-0.403112175801,0.320254159470705,0.001));
#3051=CARTESIAN_POINT('',(-0.403112175801,0.320254159470705,0.001));
#3052=CARTESIAN_POINT('',(-0.406399171987682,0.32732203261921,0.001));
#3053=CARTESIAN_POINT('',(-0.406399171987682,0.32732203261921,0.001));
#3054=CARTESIAN_POINT('',(-0.409686168174366,0.334389905767714,0.001));
#3055=CARTESIAN_POINT('',(-0.409686168174366,0.334389905767714,0.001));
#3056=CARTESIAN_POINT('',(-0.412271941021683,0.333084559850237,0.001));
#3057=CARTESIAN_POINT('',(-0.412271941021683,0.333084559850237,0.001));
#3058=CARTESIAN_POINT('',(-0.414857713869001,0.33177921393276,0.001));
#3059=CARTESIAN_POINT('',(-0.414857713869001,0.33177921393276,0.001));
#3060=CARTESIAN_POINT('',(-0.407917684859553,0.318031640717134,0.001));
#3061=CARTESIAN_POINT('',(-0.407917684859553,0.318031640717134,0.001));
#3062=CARTESIAN_POINT('',(-0.400977655850105,0.304284067501508,0.001));
#3063=CARTESIAN_POINT('',(-0.400977655850105,0.304284067501508,0.001));
#3064=CARTESIAN_POINT('',(-0.398615813073821,0.30547636938098,0.001));
#3065=CARTESIAN_POINT('',(-0.398615813073821,0.30547636938098,0.001));
#3066=CARTESIAN_POINT('',(-0.642396789386984,0.423124473775878,0.001));
#3067=CARTESIAN_POINT('',(-0.418582247498133,0.314190264478482,0.001));
#3068=CARTESIAN_POINT('',(-0.412226920106797,0.300351586625202,0.001));
#3069=CARTESIAN_POINT('',(-0.412226920106797,0.300351586625202,0.001));
#3070=CARTESIAN_POINT('',(-0.418582247498133,0.314190264478482,0.001));
#3071=CARTESIAN_POINT('',(-0.42493757488947,0.328028942331763,0.001));
#3072=CARTESIAN_POINT('',(-0.42493757488947,0.328028942331763,0.001));
#3073=CARTESIAN_POINT('',(-0.427983727195894,0.326451688168554,0.001));
#3074=CARTESIAN_POINT('',(-0.427983727195894,0.326451688168554,0.001));
#3075=CARTESIAN_POINT('',(-0.431029879502317,0.324874434005344,0.001));
#3076=CARTESIAN_POINT('',(-0.431029879502317,0.324874434005344,0.001));
#3077=CARTESIAN_POINT('',(-0.424035689982383,0.31136654983888,0.001));
#3078=CARTESIAN_POINT('',(-0.424035689982383,0.31136654983888,0.001));
#3079=CARTESIAN_POINT('',(-0.41704150046245,0.297858665672415,0.001));
#3080=CARTESIAN_POINT('',(-0.41704150046245,0.297858665672415,0.001));
#3081=CARTESIAN_POINT('',(-0.414634210284623,0.299105126148809,0.001));
#3082=CARTESIAN_POINT('',(-0.414634210284623,0.299105126148809,0.001));
#3083=CARTESIAN_POINT('',(-0.642396789386984,0.423124473775878,0.001));
#3084=CARTESIAN_POINT('',(-0.409933477658059,0.317624048513309,0.001));
#3085=CARTESIAN_POINT('',(-0.403112175800999,0.304450062437143,0.001));
#3086=CARTESIAN_POINT('',(-0.403112175800999,0.304450062437143,0.001));
#3087=CARTESIAN_POINT('',(-0.409933477658059,0.317624048513309,0.001));
#3088=CARTESIAN_POINT('',(-0.41675477951512,0.330798034589474,0.001));
#3089=CARTESIAN_POINT('',(-0.41675477951512,0.330798034589474,0.001));
#3090=CARTESIAN_POINT('',(-0.419455556135334,0.329556228116604,0.001));
#3091=CARTESIAN_POINT('',(-0.419455556135334,0.329556228116604,0.001));
#3092=CARTESIAN_POINT('',(-0.422156332755548,0.328314421643734,0.001));
#3093=CARTESIAN_POINT('',(-0.422156332755548,0.328314421643734,0.001));
#3094=CARTESIAN_POINT('',(-0.415271081712632,0.315016930450555,0.001));
#3095=CARTESIAN_POINT('',(-0.415271081712632,0.315016930450555,0.001));
#3096=CARTESIAN_POINT('',(-0.408385830669717,0.301719439257377,0.001));
#3097=CARTESIAN_POINT('',(-0.408385830669717,0.301719439257377,0.001));
#3098=CARTESIAN_POINT('',(-0.405749003235358,0.30308475084726,0.001));
#3099=CARTESIAN_POINT('',(-0.405749003235358,0.30308475084726,0.001));
#3100=CARTESIAN_POINT('',(-0.642396789386984,0.423124473775878,0.001));
#3101=CARTESIAN_POINT('',(-0.409746172318542,0.295285518566233,0.001));
#3102=CARTESIAN_POINT('',(-0.408385830669718,0.292658289583264,0.001));
#3103=CARTESIAN_POINT('',(-0.408385830669718,0.292658289583264,0.001));
#3104=CARTESIAN_POINT('',(-0.409746172318542,0.295285518566233,0.001));
#3105=CARTESIAN_POINT('',(-0.411106513967367,0.297912747549201,0.001));
#3106=CARTESIAN_POINT('',(-0.411106513967367,0.297912747549201,0.001));
#3107=CARTESIAN_POINT('',(-0.413873965741979,0.296468570309598,0.001));
#3108=CARTESIAN_POINT('',(-0.413873965741979,0.296468570309598,0.001));
#3109=CARTESIAN_POINT('',(-0.416641417516592,0.295024393069995,0.001));
#3110=CARTESIAN_POINT('',(-0.416641417516592,0.295024393069995,0.001));
#3111=CARTESIAN_POINT('',(-0.415285661345421,0.292406020023919,0.001));
#3112=CARTESIAN_POINT('',(-0.415285661345421,0.292406020023919,0.001));
#3113=CARTESIAN_POINT('',(-0.413929905174251,0.289787646977843,0.001));
#3114=CARTESIAN_POINT('',(-0.413929905174251,0.289787646977843,0.001));
#3115=CARTESIAN_POINT('',(-0.411157867921984,0.291222968280554,0.001));
#3116=CARTESIAN_POINT('',(-0.411157867921984,0.291222968280554,0.001));
#3117=CARTESIAN_POINT('',(-0.642396789386984,0.423124473775878,0.001));
#3118=CARTESIAN_POINT('',(-0.400477053203432,0.29955117266931,0.001));
#3119=CARTESIAN_POINT('',(-0.39929151134445,0.297194519660069,0.001));
#3120=CARTESIAN_POINT('',(-0.39929151134445,0.297194519660069,0.001));
#3121=CARTESIAN_POINT('',(-0.400477053203432,0.29955117266931,0.001));
#3122=CARTESIAN_POINT('',(-0.401662595062413,0.30190782567855,0.001));
#3123=CARTESIAN_POINT('',(-0.401662595062413,0.30190782567855,0.001));
#3124=CARTESIAN_POINT('',(-0.404458292257409,0.300460253595374,0.001));
#3125=CARTESIAN_POINT('',(-0.404458292257409,0.300460253595374,0.001));
#3126=CARTESIAN_POINT('',(-0.407253989452406,0.299012681512198,0.001));
#3127=CARTESIAN_POINT('',(-0.407253989452406,0.299012681512198,0.001));
#3128=CARTESIAN_POINT('',(-0.406041084326707,0.296670196811698,0.001));
#3129=CARTESIAN_POINT('',(-0.406041084326707,0.296670196811698,0.001));
#3130=CARTESIAN_POINT('',(-0.404828179201009,0.294327712111198,0.001));
#3131=CARTESIAN_POINT('',(-0.404828179201009,0.294327712111198,0.001));
#3132=CARTESIAN_POINT('',(-0.40205984527273,0.295761115885634,0.001));
#3133=CARTESIAN_POINT('',(-0.40205984527273,0.295761115885634,0.001));
#3134=CARTESIAN_POINT('',(-0.642396789386984,0.423124473775878,0.001));
#3135=CARTESIAN_POINT('',(-0.368045404429328,0.322047382037701,0.001));
#3136=CARTESIAN_POINT('',(-0.370528571465526,0.316359979803383,0.001));
#3137=CARTESIAN_POINT('',(-0.370528571465526,0.316359979803383,0.001));
#3138=CARTESIAN_POINT('',(-0.368045404429328,0.322047382037701,0.001));
#3139=CARTESIAN_POINT('',(-0.365562237393129,0.32773478427202,0.001));
#3140=CARTESIAN_POINT('',(-0.365562237393129,0.32773478427202,0.001));
#3141=CARTESIAN_POINT('',(-0.367614742430938,0.329958933000215,0.001));
#3142=CARTESIAN_POINT('',(-0.367614742430938,0.329958933000215,0.001));
#3143=CARTESIAN_POINT('',(-0.369667247468746,0.33218308172841,0.001));
#3144=CARTESIAN_POINT('',(-0.369667247468746,0.33218308172841,0.001));
#3145=CARTESIAN_POINT('',(-0.372637401114407,0.325380293903688,0.001));
#3146=CARTESIAN_POINT('',(-0.372637401114407,0.325380293903688,0.001));
#3147=CARTESIAN_POINT('',(-0.375607554760069,0.318577506078965,0.001));
#3148=CARTESIAN_POINT('',(-0.375607554760069,0.318577506078965,0.001));
#3149=CARTESIAN_POINT('',(-0.373068063112797,0.317468742941173,0.001));
#3150=CARTESIAN_POINT('',(-0.373068063112797,0.317468742941173,0.001));
#3151=CARTESIAN_POINT('',(-0.642396789386984,0.423124473775878,0.001));
#3152=CARTESIAN_POINT('',(-0.357243834477758,0.324136837547516,0.001));
#3153=CARTESIAN_POINT('',(-0.35287078849668,0.32090696629817,0.001));
#3154=CARTESIAN_POINT('',(-0.35287078849668,0.32090696629817,0.001));
#3155=CARTESIAN_POINT('',(-0.357243834477758,0.324136837547516,0.001));
#3156=CARTESIAN_POINT('',(-0.361616880458836,0.327366708796863,0.001));
#3157=CARTESIAN_POINT('',(-0.361616880458836,0.327366708796863,0.001));
#3158=CARTESIAN_POINT('',(-0.365898244367774,0.317492414271843,0.001));
#3159=CARTESIAN_POINT('',(-0.365898244367774,0.317492414271843,0.001));
#3160=CARTESIAN_POINT('',(-0.370179608276712,0.307618119746824,0.001));
#3161=CARTESIAN_POINT('',(-0.370179608276712,0.307618119746824,0.001));
#3162=CARTESIAN_POINT('',(-0.371647926473408,0.308702599248965,0.001));
#3163=CARTESIAN_POINT('',(-0.371647926473408,0.308702599248965,0.001));
#3164=CARTESIAN_POINT('',(-0.373116244670105,0.309787078751107,0.001));
#3165=CARTESIAN_POINT('',(-0.373116244670105,0.309787078751107,0.001));
#3166=CARTESIAN_POINT('',(-0.375146501274079,0.30814139866759,0.001));
#3167=CARTESIAN_POINT('',(-0.375146501274079,0.30814139866759,0.001));
#3168=CARTESIAN_POINT('',(-0.377176757878053,0.306495718584073,0.001));
#3169=CARTESIAN_POINT('',(-0.377176757878053,0.306495718584073,0.001));
#3170=CARTESIAN_POINT('',(-0.374643664447549,0.304567229337473,0.001));
#3171=CARTESIAN_POINT('',(-0.374643664447549,0.304567229337473,0.001));
#3172=CARTESIAN_POINT('',(-0.372110571017045,0.302638740090872,0.001));
#3173=CARTESIAN_POINT('',(-0.372110571017045,0.302638740090872,0.001));
#3174=CARTESIAN_POINT('',(-0.374307187236021,0.297166484808914,0.001));
#3175=CARTESIAN_POINT('',(-0.374307187236021,0.297166484808914,0.001));
#3176=CARTESIAN_POINT('',(-0.376503803454997,0.291694229526955,0.001));
#3177=CARTESIAN_POINT('',(-0.376503803454997,0.291694229526955,0.001));
#3178=CARTESIAN_POINT('',(-0.373663541383315,0.29011870949386,0.001));
#3179=CARTESIAN_POINT('',(-0.373663541383315,0.29011870949386,0.001));
#3180=CARTESIAN_POINT('',(-0.370823279311634,0.288543189460766,0.001));
#3181=CARTESIAN_POINT('',(-0.370823279311634,0.288543189460766,0.001));
#3182=CARTESIAN_POINT('',(-0.361847033904157,0.304725077879468,0.001));
#3183=CARTESIAN_POINT('',(-0.361847033904157,0.304725077879468,0.001));
#3184=CARTESIAN_POINT('',(-0.642396789386984,0.423124473775878,0.001));
#3185=CARTESIAN_POINT('',(-0.375314230437268,0.326253338106103,0.001));
#3186=CARTESIAN_POINT('',(-0.377512216204432,0.320316975576579,0.001));
#3187=CARTESIAN_POINT('',(-0.377512216204432,0.320316975576579,0.001));
#3188=CARTESIAN_POINT('',(-0.375314230437268,0.326253338106103,0.001));
#3189=CARTESIAN_POINT('',(-0.373116244670105,0.332189700635627,0.001));
#3190=CARTESIAN_POINT('',(-0.373116244670105,0.332189700635627,0.001));
#3191=CARTESIAN_POINT('',(-0.375490415484979,0.333791937369571,0.001));
#3192=CARTESIAN_POINT('',(-0.375490415484979,0.333791937369571,0.001));
#3193=CARTESIAN_POINT('',(-0.377864586299852,0.335394174103516,0.001));
#3194=CARTESIAN_POINT('',(-0.377864586299852,0.335394174103516,0.001));
#3195=CARTESIAN_POINT('',(-0.38015223507042,0.329282896974326,0.001));
#3196=CARTESIAN_POINT('',(-0.38015223507042,0.329282896974326,0.001));
#3197=CARTESIAN_POINT('',(-0.382439883840988,0.323171619845137,0.001));
#3198=CARTESIAN_POINT('',(-0.382439883840988,0.323171619845137,0.001));
#3199=CARTESIAN_POINT('',(-0.37997605002271,0.321744297710857,0.001));
#3200=CARTESIAN_POINT('',(-0.37997605002271,0.321744297710857,0.001));
#3201=CARTESIAN_POINT('',(-0.642396789386984,0.423124473775878,0.001));
#3202=CARTESIAN_POINT('',(-0.389795222145501,0.33154506782346,0.001));
#3203=CARTESIAN_POINT('',(-0.389795222145501,0.327999076417754,0.001));
#3204=CARTESIAN_POINT('',(-0.389795222145501,0.327999076417754,0.001));
#3205=CARTESIAN_POINT('',(-0.389795222145501,0.33154506782346,0.001));
#3206=CARTESIAN_POINT('',(-0.389795222145501,0.335091059229165,0.001));
#3207=CARTESIAN_POINT('',(-0.389795222145501,0.335091059229165,0.001));
#3208=CARTESIAN_POINT('',(-0.396987036284277,0.335091059229165,0.001));
#3209=CARTESIAN_POINT('',(-0.396987036284277,0.335091059229165,0.001));
#3210=CARTESIAN_POINT('',(-0.404178850423051,0.335091059229165,0.001));
#3211=CARTESIAN_POINT('',(-0.404178850423051,0.335091059229165,0.001));
#3212=CARTESIAN_POINT('',(-0.404178850423051,0.332566262686715,0.001));
#3213=CARTESIAN_POINT('',(-0.404178850423051,0.332566262686715,0.001));
#3214=CARTESIAN_POINT('',(-0.404178850423051,0.330041466144265,0.001));
#3215=CARTESIAN_POINT('',(-0.404178850423051,0.330041466144265,0.001));
#3216=CARTESIAN_POINT('',(-0.396987036284277,0.32902027128101,0.001));
#3217=CARTESIAN_POINT('',(-0.396987036284277,0.32902027128101,0.001));
#3218=CARTESIAN_POINT('',(-0.642396789386984,0.423124473775878,0.001));
#3219=CARTESIAN_POINT('',(-0.387718458360978,0.316090495619449,0.001));
#3220=CARTESIAN_POINT('',(-0.387718458360978,0.31494124966027,0.001));
#3221=CARTESIAN_POINT('',(-0.387718458360978,0.31494124966027,0.001));
#3222=CARTESIAN_POINT('',(-0.387718458360978,0.316090495619449,0.001));
#3223=CARTESIAN_POINT('',(-0.387718458360978,0.317239741578628,0.001));
#3224=CARTESIAN_POINT('',(-0.387718458360978,0.317239741578628,0.001));
#3225=CARTESIAN_POINT('',(-0.39202586389995,0.314309233347366,0.001));
#3226=CARTESIAN_POINT('',(-0.39202586389995,0.314309233347366,0.001));
#3227=CARTESIAN_POINT('',(-0.396333269438922,0.311378725116103,0.001));
#3228=CARTESIAN_POINT('',(-0.396333269438922,0.311378725116103,0.001));
#3229=CARTESIAN_POINT('',(-0.389835481386941,0.304203476111669,0.001));
#3230=CARTESIAN_POINT('',(-0.389835481386941,0.304203476111669,0.001));
#3231=CARTESIAN_POINT('',(-0.38333769333496,0.297028227107236,0.001));
#3232=CARTESIAN_POINT('',(-0.38333769333496,0.297028227107236,0.001));
#3233=CARTESIAN_POINT('',(-0.383351527301435,0.299228647587258,0.001));
#3234=CARTESIAN_POINT('',(-0.383351527301435,0.299228647587258,0.001));
#3235=CARTESIAN_POINT('',(-0.38336536126791,0.301429068067279,0.001));
#3236=CARTESIAN_POINT('',(-0.38336536126791,0.301429068067279,0.001));
#3237=CARTESIAN_POINT('',(-0.387980893162769,0.306525816432813,0.001));
#3238=CARTESIAN_POINT('',(-0.387980893162769,0.306525816432813,0.001));
#3239=CARTESIAN_POINT('',(-0.392596425057628,0.311622564798346,0.001));
#3240=CARTESIAN_POINT('',(-0.392596425057628,0.311622564798346,0.001));
#3241=CARTESIAN_POINT('',(-0.390157441709303,0.313281907229308,0.001));
#3242=CARTESIAN_POINT('',(-0.390157441709303,0.313281907229308,0.001));
#3243=CARTESIAN_POINT('',(-0.406396789386984,0.294124473775878,0.001));
#3244=CARTESIAN_POINT('',(-0.383063773995202,0.304374839216335,0.001));
#3245=CARTESIAN_POINT('',(-0.383063773995202,0.304374839216335,0.));
#3246=CARTESIAN_POINT('',(-0.383071376294513,0.304377659404748,0.001));
#3247=CARTESIAN_POINT('',(-0.383071376294513,0.304377659404748,0.));
#3248=CARTESIAN_POINT('',(-0.383537714288247,0.304550321314021,0.001));
#3249=CARTESIAN_POINT('',(-0.383537714288247,0.304550321314021,2.16840434497101E-19));
#3250=CARTESIAN_POINT('',(-0.384900961213516,0.305218323537677,0.001));
#3251=CARTESIAN_POINT('',(-0.384900961213516,0.305218323537677,0.));
#3252=CARTESIAN_POINT('',(-0.386272482688476,0.30620396786274,0.001));
#3253=CARTESIAN_POINT('',(-0.386272482688476,0.30620396786274,-2.16840434497101E-19));
#3254=CARTESIAN_POINT('',(-0.386877131298224,0.307413479103491,0.001));
#3255=CARTESIAN_POINT('',(-0.386877131298224,0.307413479103491,-2.16840434497101E-19));
#3256=CARTESIAN_POINT('',(-0.386551844316448,0.308765396834251,0.001));
#3257=CARTESIAN_POINT('',(-0.386551844316448,0.308765396834251,2.16840434497101E-19));
#3258=CARTESIAN_POINT('',(-0.385247218136585,0.310661013648136,0.001));
#3259=CARTESIAN_POINT('',(-0.385247218136585,0.310661013648136,-4.33680868994202E-19));
#3260=CARTESIAN_POINT('',(-0.383557063830471,0.312075542807927,0.001));
#3261=CARTESIAN_POINT('',(-0.383557063830471,0.312075542807927,0.));
#3262=CARTESIAN_POINT('',(-0.382381699622094,0.312916516144999,0.001));
#3263=CARTESIAN_POINT('',(-0.382381699622094,0.312916516144999,0.));
#3264=CARTESIAN_POINT('',(-0.382381699622094,0.312916516145,0.001));
#3265=CARTESIAN_POINT('',(-0.382381699622094,0.312916516145,0.001));
#3266=CARTESIAN_POINT('',(-0.383063773995202,0.304374839216335,0.001));
#3267=CARTESIAN_POINT('',(-0.383089808725881,0.304384497195165,0.001));
#3268=CARTESIAN_POINT('',(-0.389317396768197,0.306694715580697,0.001));
#3269=CARTESIAN_POINT('',(-0.385070588325645,0.310992615714882,0.001));
#3270=CARTESIAN_POINT('',(-0.382381699622094,0.312916516144999,0.001));
#3271=CARTESIAN_POINT('',(-0.383063773995202,0.304374839216335,0.001));
#3272=CARTESIAN_POINT('',(-0.383063773995202,0.304374839216335,0.001));
#3273=CARTESIAN_POINT('',(-0.381900527840165,0.304374839216335,0.001));
#3274=CARTESIAN_POINT('',(-0.381900527840165,0.304374839216335,0.001));
#3275=CARTESIAN_POINT('',(-0.380737281685128,0.304374839216335,0.001));
#3276=CARTESIAN_POINT('',(-0.380737281685128,0.304374839216335,0.001));
#3277=CARTESIAN_POINT('',(-0.376966412748309,0.307159501216805,0.001));
#3278=CARTESIAN_POINT('',(-0.376966412748309,0.307159501216805,0.001));
#3279=CARTESIAN_POINT('',(-0.373195543811491,0.309944163217275,0.001));
#3280=CARTESIAN_POINT('',(-0.373195543811491,0.309944163217275,0.001));
#3281=CARTESIAN_POINT('',(-0.381330793246818,0.317136543806639,0.001));
#3282=CARTESIAN_POINT('',(-0.381330793246818,0.317136543806639,0.001));
#3283=CARTESIAN_POINT('',(-0.389466042682145,0.324328924396003,0.001));
#3284=CARTESIAN_POINT('',(-0.389466042682145,0.324328924396003,0.001));
#3285=CARTESIAN_POINT('',(-0.389466042682145,0.3232843303435,0.001));
#3286=CARTESIAN_POINT('',(-0.389466042682145,0.3232843303435,0.001));
#3287=CARTESIAN_POINT('',(-0.389466042682145,0.322239736290998,0.001));
#3288=CARTESIAN_POINT('',(-0.389466042682145,0.322239736290998,0.001));
#3289=CARTESIAN_POINT('',(-0.383412202843926,0.316569737024608,0.001));
#3290=CARTESIAN_POINT('',(-0.383412202843926,0.316569737024608,0.001));
#3291=CARTESIAN_POINT('',(-0.377358363005709,0.310899737758219,0.001));
#3292=CARTESIAN_POINT('',(-0.377358363005709,0.310899737758219,0.001));
#3293=CARTESIAN_POINT('',(-0.378919665087741,0.309544255724972,0.001));
#3294=CARTESIAN_POINT('',(-0.378919665087741,0.309544255724972,0.001));
#3295=CARTESIAN_POINT('',(-0.380480967169773,0.308188773691724,0.001));
#3296=CARTESIAN_POINT('',(-0.380480967169773,0.308188773691724,0.001));
#3297=CARTESIAN_POINT('',(-0.381601100204647,0.307665410425809,0.001));
#3298=CARTESIAN_POINT('',(-0.381601100204647,0.307665410425809,0.001));
#3299=CARTESIAN_POINT('',(-0.382721233239519,0.307142047159895,0.001));
#3300=CARTESIAN_POINT('',(-0.382721233239519,0.307142047159895,0.001));
#3301=CARTESIAN_POINT('',(-0.382721233239519,0.307142047159895,0.001));
#3302=CARTESIAN_POINT('',(-0.382721233239519,0.307142047159895,0.));
#3303=CARTESIAN_POINT('',(-0.383047024779594,0.30748938030277,0.001));
#3304=CARTESIAN_POINT('',(-0.383047024779594,0.30748938030277,0.));
#3305=CARTESIAN_POINT('',(-0.383951516565537,0.308453677824569,0.001));
#3306=CARTESIAN_POINT('',(-0.383951516565537,0.308453677824569,0.));
#3307=CARTESIAN_POINT('',(-0.38299419849726,0.311175240856357,0.001));
#3308=CARTESIAN_POINT('',(-0.38299419849726,0.311175240856357,0.));
#3309=CARTESIAN_POINT('',(-0.382381699622094,0.312916516145,0.001));
#3310=CARTESIAN_POINT('',(-0.382381699622094,0.312916516145,0.));
#3311=CARTESIAN_POINT('',(-0.382721233239519,0.307142047159895,0.001));
#3312=CARTESIAN_POINT('',(-0.383047024779594,0.30748938030277,0.001));
#3313=CARTESIAN_POINT('',(-0.383951516565537,0.308453677824569,0.001));
#3314=CARTESIAN_POINT('',(-0.38299419849726,0.311175240856357,0.001));
#3315=CARTESIAN_POINT('',(-0.382381699622094,0.312916516145,0.001));
#3316=CARTESIAN_POINT('',(-0.406396789386984,0.294124473775878,0.001));
#3317=MECHANICAL_DESIGN_GEOMETRIC_PRESENTATION_REPRESENTATION('',(#2067),
#3318);
#3318=(
GEOMETRIC_REPRESENTATION_CONTEXT(3)
GLOBAL_UNCERTAINTY_ASSIGNED_CONTEXT((#3319))
GLOBAL_UNIT_ASSIGNED_CONTEXT((#3322,#3321,#3320))
REPRESENTATION_CONTEXT('TMat5O','TOP_LEVEL_ASSEMBLY_PART')
);
#3319=UNCERTAINTY_MEASURE_WITH_UNIT(LENGTH_MEASURE(2.E-5),#3322,
'DISTANCE_ACCURACY_VALUE','Maximum Tolerance applied to model');
#3320=(
NAMED_UNIT(*)
SI_UNIT($,.STERADIAN.)
SOLID_ANGLE_UNIT()
);
#3321=(
NAMED_UNIT(*)
PLANE_ANGLE_UNIT()
SI_UNIT($,.RADIAN.)
);
#3322=(
LENGTH_UNIT()
NAMED_UNIT(*)
SI_UNIT($,.METRE.)
);
#3323=PRODUCT_DEFINITION_SHAPE('','',#3324);
#3324=PRODUCT_DEFINITION('','',#3326,#3325);
#3325=PRODUCT_DEFINITION_CONTEXT('',#3332,'design');
#3326=PRODUCT_DEFINITION_FORMATION_WITH_SPECIFIED_SOURCE('','',#3328,
 .NOT_KNOWN.);
#3327=PRODUCT_RELATED_PRODUCT_CATEGORY('','',(#3328));
#3328=PRODUCT('TMat5O','TMat5O','TMat5O',(#3330));
#3329=PRODUCT_CATEGORY('','');
#3330=PRODUCT_CONTEXT('',#3332,'mechanical');
#3331=APPLICATION_PROTOCOL_DEFINITION('international standard',
'ap242_managed_model_based_3d_engineering',2020,#3332);
#3332=APPLICATION_CONTEXT('managed model based 3d engineering');
ENDSEC;
END-ISO-10303-21;
